"1,6-二磷酸果糖"
12种复合维生素
13价肺炎球菌多糖结合疫苗
18种氨基酸
23价肺炎球菌多糖疫苗
30/70混合重组人胰岛素
5-氨基水杨酸
5-氟脲嘧啶
50/50混合重组人胰岛素
AC群脑膜炎球菌(结合)b型流感嗜血杆菌(结合)联合疫苗
A、C、Y、W135群脑膜炎球菌多糖疫苗
A、C群脑膜炎球菌多糖疫苗
A群C群脑膜炎球菌多糖疫苗
A群链球菌
A群脑膜炎球菌多糖疫苗
A群脑膜炎球菌多糖疫苗稀释剂
A型肉毒毒素
A型肉毒抗毒素
L-谷氨酰胺
L-谷氨酰胺呱仑酸钠
L-谷酰胺呱仑酸钠
L-赖氨酸盐酸盐
L-门冬氨酸氨氯地平
N(2)-L-丙氨酰-L-谷氨酰胺
NPH重组人胰岛素
RH阴性冰冻解冻去甘油红细胞
RH阴性滤白红细胞
RH阴性滤白全血
RH阴性滤白洗涤红细胞
RH阴性洗涤红细胞
Sabin株脊髓灰质炎灭活疫苗
b型流感嗜血杆菌结合疫苗
b型流感嗜血杆菌偶联、重组乙型肝炎联合疫苗
b型流感嗜血杆菌偶联疫苗
b型流感嗜血杆菌偶联疫苗、吸附无细胞百白破联合疫苗
b型流感嗜血杆菌疫苗
尪痹复康颗粒
尪痹胶囊
尪痹颗粒
尪痹片
棓丙酯
棓丙酯氯化钠
棓丙酯葡萄糖
楤木胃痛颗粒
楤芝胶囊
楤芝片
樋屋奇应丸
α-二氢麦角隐亭
α-干扰素
α-硫辛酸
β-胡萝卜素
ω-3 鱼油中/长链脂肪乳
ω-3鱼油脂肪乳
阿巴卡韦拉米夫定
阿巴卡韦双夫定
阿苯达唑
阿苯片
阿苯糖丸
阿比多尔
阿达木单抗
阿达帕林
阿德福韦酯
阿尔维林
阿伐斯汀
阿法骨化醇
阿芬太尼
阿酚咖敏片
阿酚咖片
阿戈美拉汀
阿归养血胶囊
阿归养血颗粒
阿归养血口服液
阿归养血糖浆
阿加曲班
阿胶
阿胶(液体)
阿胶补血膏
阿胶补血颗粒
阿胶补血口服液
阿胶参芪酒
阿胶当归合剂
阿胶当归胶囊
阿胶当归颗粒
阿胶当归口服液
阿胶黄芪口服液
阿胶胶囊
阿胶颗粒
阿胶口服液
阿胶牡蛎口服液
阿胶泡腾颗粒
阿胶强骨口服液
阿胶三宝膏
阿胶三宝颗粒
阿胶生化膏
阿胶养血膏
阿胶养血颗粒
阿胶益寿合剂
阿胶益寿晶
阿胶益寿口服液
阿胶远志膏
阿胶珍珠膏
阿桔片
阿咖酚胶囊
阿咖酚散
阿咖片
阿卡波糖
阿克拉霉素
阿克他利
阿拉坦五味丸
阿里红咳喘口服液
阿利吉仑
阿利沙坦酯
阿立哌唑
阿仑膦酸钠
阿仑膦酸钠维D3
阿仑膦酸钠维D3Ⅱ
阿洛西林钠
阿霉素
阿米卡星
阿米三嗪萝巴新
阿莫西林
阿莫西林克拉维酸钾
阿莫西林克拉维酸钾(14:1)
阿莫西林克拉维酸钾(2:1)
阿莫西林克拉维酸钾(4:1)
阿莫西林克拉维酸钾(7:1)
阿莫西林克拉维酸钾(8:1)
阿莫西林钠
阿莫西林钠氟氯西林钠
阿莫西林钠克拉维酸钾
阿莫西林钠舒巴坦钠
阿莫西林钠舒巴坦钠(2:1)
阿莫西林舒巴坦
阿莫西林舒巴坦匹酯
阿莫西林双氯西林钠
阿那曲唑
阿那日八味散
阿那日十四味散
阿那日五味散
阿娜尔妇洁液
阿尼西坦
阿片片
阿片酊
阿普唑仑
阿奇霉素
阿奇霉素(Ⅱ)
阿奇霉素磷酸二氢钠
阿奇霉素氯化钠
阿奇霉素葡萄糖
阿奇霉素枸橼酸二氢钠
阿曲库铵苯磺酸盐
阿瑞匹坦
阿舒瑞韦
阿司待因
阿司可咖
阿司匹林
阿司匹林可待因
阿司匹林双嘧达莫
阿司匹林维C
阿司匹林维生素C
阿司匹林锌
阿司咪唑
阿糖胞苷
阿糖腺苷
阿糖苷酶α
阿替卡因肾上腺素
阿替洛尔
阿替普酶
阿托伐他汀钙
阿托品异丙嗪
阿托西班
阿维A
阿魏八味丸
阿魏化痞膏
阿魏酸钠
阿魏酸钠氯化钠
阿魏酸钠葡萄糖
阿魏酸哌嗪
阿昔洛韦
阿昔洛韦氯化钠
阿昔洛韦氯化钠(Ⅱ)
阿昔洛韦葡萄糖
阿昔莫司
阿昔替尼
阿西美辛
阿扎胞苷
阿折地平
阿珍养血口服液
阿佐塞米
阿哌沙班
埃索美拉唑
埃索美拉唑镁
埃索美拉唑钠
艾迪注射液
艾地苯醌
艾附暖宫丸
艾拉莫德
艾普拉唑
艾瑞昔布
艾塞那肽
艾司奥美拉唑
艾司奥美拉唑镁
艾司奥美拉唑钠
艾司唑仑
艾叶油胶囊
艾叶油软胶囊
艾愈胶囊
爱活胆通
爱活尿通片
爱可得液
爱普列特
爱维心口服液
氨苯蝶啶
氨苯蝶啶氢氯噻嗪
氨苯伪麻片
氨苯砜
氨茶碱
氨茶碱氯化钠
氨碘肽
氨丁三醇
氨非咖敏片
氨非咖片
氨酚巴妥
氨酚比林
氨酚柴胡
氨酚待因(Ⅰ)
氨酚待因(Ⅱ)
氨酚甲硫氨酸
氨酚咖黄烷胺
氨酚咖那敏
氨酚咖匹林片
氨酚拉明
氨酚氯雷伪麻
氨酚氯汀伪麻
氨酚氯宗
氨酚麻美
氨酚美芬伪麻
氨酚美伪
氨酚美伪麻
氨酚美伪麻苯酚伪麻
氨酚那敏
氨酚那敏三味浸膏
氨酚那敏维B1那敏
氨酚帕马溴
氨酚匹林咖啡因
氨酚氢可酮
氨酚曲麻
氨酚曲马多
氨酚沙芬
氨酚双氢可待因
氨酚烷胺咖敏
氨酚烷胺那敏
氨酚维C
氨酚伪麻
氨酚伪麻(Ⅰ)
氨酚伪麻(Ⅱ)
氨酚伪麻氯汀
氨酚伪麻美芬
氨酚伪麻美芬(Ⅲ)
氨酚伪麻美芬/氨麻美敏Ⅱ
氨酚伪麻美芬Ⅱ
氨酚伪麻美芬Ⅱ/氨麻苯美
氨酚伪麻美那敏
氨酚伪麻那敏
氨酚伪麻那敏(Ⅰ)
氨酚伪麻那敏(Ⅱ)
氨酚伪麻那敏(Ⅲ)
氨酚异丙嗪
氨酚右敏
氨酚羟考酮
氨磺必利
氨基比林咖啡因
氨基蝶呤
氨基己酸
氨基己酸氯化钠
氨基葡萄糖
氨基双吡酮
氨基酸
氨基酸葡萄糖
氨基酸型肠内营养
氨基酸螯合钙
氨甲苯酸
氨甲苯酸氯化钠
氨甲苯酸葡萄糖
氨甲环酸
氨甲环酸氯化钠
氨金黄敏
氨咖甘片
氨咖黄敏
氨咖黄敏片
氨咖柳胺
氨咖麻敏
氨咖敏
氨咖愈敏
氨来呫诺
氨酪酸
氨酪酸氯化钠
氨力农
氨林酚咖
氨磷汀
氨硫脲
氨鲁米特
氨氯地平阿托伐他汀钙
氨氯地平贝那普利(Ⅰ)
氨氯地平贝那普利(Ⅱ)
氨麻苯美
氨麻美敏
氨麻美敏(Ⅱ)
氨麻美敏(Ⅲ)
氨麻美敏Ⅱ
氨麻美明
氨麻溴敏
氨曲南
氨糖美锌
氨糖美辛
氨愈美麻
氨苄西林
氨苄西林丙磺舒
氨苄西林钠
氨苄西林钠氯唑西林钠
氨苄西林钠舒巴坦钠
氨溴特罗
氨杞康口服液
氨肽素
氨肽素硫酸锌
安贝氯铵
安喘片
安多霖胶囊
安儿宁颗粒
安尔眠胶囊
安尔眠颗粒
安尔眠糖浆
安宫降压丸
安宫牛黄胶囊
安宫牛黄片
安宫牛黄散
安宫牛黄栓
安宫牛黄丸
安宫止血膏
安宫止血颗粒
安宫止血丸
安君宁
安康胶囊
安康颗粒
安康片
安康欣胶囊
安康心宝丸
安坤胶囊
安坤颗粒
安坤片
安坤赞育丸
安乐胶囊
安乐片
安立生坦
安络化纤丸
安络痛
安络痛胶囊
安络痛片
安络痛药酒
安络痛酊
安眠补脑颗粒
安眠补脑口服液
安眠补脑糖浆
安眠酮
安钠咖
安那度尔
安乃近
安乃近氯丙嗪
安脑牛黄胶囊
安脑牛黄片
安脑片
安脑丸
安神宝颗粒
安神补脑分散片
安神补脑胶囊
安神补脑颗粒
安神补脑口服液
安神补脑片
安神补脑软胶囊
安神补脑液
安神补气丸
安神补心胶囊
安神补心颗粒
安神补心六味丸
安神补心片
安神补心丸
安神健脑液
安神胶囊
安神颗粒
安神宁
安神片
安神爽脑口服液
安神糖浆
安神丸
安神温胆丸
安神养心丸
安神养血口服液
安神益脑丸
安神镇惊二十味丸
安神足液
安肾丸
安舒宁
安嗽化痰丸
安嗽片
安嗽糖浆
安胎丸
安胎益母丸
安替可胶囊
安胃胶囊
安胃颗粒
安胃片
安胃疡
安胃疡胶囊
安胃止痛胶囊
安胃止痛片
安胃止痛散
安西他滨
安雄
安阳膏药
安阳固本膏
安阳精制膏
安置精华散胶囊
安中片
安吖啶
按摩乳
胺安颗粒
昂丹司琼
敖东壮肾丸
奥比帕利
奥氮平
奥芬溴铵
奥卡西平
奥拉米特
奥拉西坦
奥利司他
奥洛他定
奥马珠单抗
奥美拉唑
奥美拉唑镁
奥美拉唑钠
奥美拉唑碳酸氢钠
奥美沙坦酯
奥美沙坦酯氢氯噻嗪
奥沙拉秦钠
奥沙利铂
奥沙利铂甘露醇
奥沙普秦
奥沙西泮
奥替溴铵
奥昔布宁
奥硝唑
奥硝唑氯化钠
奥硝唑葡萄糖
奥扎格雷氯化钠
奥扎格雷钠
奥扎格雷钠氯化钠
奥扎格雷钠葡萄糖
澳泰乐胶囊
澳泰乐颗粒
澳泰乐片
八宝拨云散
八宝丹
八宝丹胶囊
八宝惊风散
八宝坤顺丸
八宝瑞生丸
八宝五胆药墨
八宝盐蛇散
八宝眼药
八宝玉枢丸
八宝镇惊丸
八角茴香水
八厘散
八维钙锌片
八味安宁散
八味沉香胶囊
八味沉香片
八味沉香散
八味沉香丸
八味地黄宁心口服液
八味和胃口服液
八味秦皮胶囊
八味秦皮丸
八味肉桂胶囊
八味三香散
八味肾气丸
八味石灰华丸
八味檀香散
八味檀香丸
八味痛经胶囊
八味痛经颗粒
八味痛经片
八味西红花清肝热胶囊
八味西红花清肝热散
八味西红花止血散
八味锡类散
八味小檗皮胶囊
八味小檗皮散
八味益肾丸
八味主药散
八味芪龙颗粒
八味獐牙菜胶囊
八味獐牙菜片
八味獐牙菜丸
八味獐牙莱丸
八珍补汁
八珍袋泡茶
八珍膏
八珍胶囊
八珍颗粒
八珍鹿胎颗粒
八珍片
八珍丸
八珍液
八珍益母膏
八珍益母胶囊
八珍益母颗粒
八珍益母片
八珍益母丸
八正合剂
八正胶囊
八正颗粒
八正颗粒(无糖型)
八正片
八子补肾胶囊
疤痕止痒软化膏
疤痕止痒软化乳膏
巴利昔单抗
巴柳氮钠
巴氯芬
巴洛沙星
巴曲酶
巴桑母酥油颗粒
巴桑母酥油丸
巴特日七味丸
巴仙苁蓉强肾胶囊
巴戟补酒
巴戟补肾丸
巴戟胶囊
巴戟口服液
巴戟天寡糖胶囊
巴戟振阳胶囊
拔毒膏
拔毒生肌散
拔脓净
白柏胶囊
白百抗痨颗粒
白避瘟散
白草香解郁安神胶囊
白带净胶囊
白带净丸
白带片
白带丸
白丹搽剂
白凤饮
白喉抗毒素
白虎合剂
白花草袋泡茶
白花蛇膏
白花蛇舌草注射液
白花油
白及胶囊
白及颗粒
白及片
白及糖浆
白酱感冒颗粒
白金丸
白敬宇眼药
白连止痢胶囊
白灵胶囊
白灵片
白龙跌打酒
白龙片
白脉软膏
白眉蛇毒血凝酶
白葡奈氏菌
白葡萄球菌
白蒲黄胶囊
白蒲黄颗粒
白蒲黄片
白清胃散
白绒止咳糖浆
白沙糖浆
白芍总苷
白石清热颗粒
白蚀丸
白树油
白头翁止痢片
白消安
白杏片
白药胶囊
白药散
白蚁巢胶囊
白益镇惊丸
白玉软膏
白芝颗粒
白纸扇感冒颗粒
白苓健脾颗粒
白苓胶囊
白蔻调中丸
白痧散
白癜风胶囊
白癜风丸
柏艾胶囊
柏花草胶囊
柏黄静神丸
柏洁洗剂
柏诺特
柏子仁丸
柏子养心胶囊
柏子养心片
柏子养心丸
柏子滋心丸
柏芷洗剂
柏芪降糖胶囊
柏栀祛湿喷雾剂
柏栀祛湿洗液
百艾洗液
百安洗液
百柏搽剂
百宝丹
百宝丹搽剂
百宝丹胶囊
百贝益肺胶囊
百补增力丸
百部丸
百草妇炎清栓
百草堂百消膏
百草油
百地滋阴丸
百合更年安颗粒
百合固金颗粒
百合固金口服液
百合固金片
百合固金丸
百花定喘片
百花定喘丸
百花膏
百花活血跌打膏
百咳静颗粒
百咳静糖浆
百咳宁颗粒
百咳宁片
百乐眠胶囊
百令胶囊
百令颗粒
百令片
百梅止咳颗粒
百梅止咳糖浆
百日咳、白喉、破伤风、脊髓灰质炎四联疫苗
百日咳菌苗
百日咳片
百蕊含片
百蕊胶囊
百蕊颗粒
百蕊片
百树油
百树真油
百仙妇炎清栓
百消丹
百效丸
百癣夏塔热分散片
百癣夏塔热胶囊
百癣夏塔热片
败毒散
败酱胶囊
败酱片
斑龙固肾胶囊
斑秃丸
斑蝥素
斑蝥酸钠
斑蝥酸钠维生素B6
板蓝大青颗粒
板蓝大青片
板蓝根茶
板蓝根滴丸
板蓝根滴眼液
板蓝根分散片
板蓝根含片
板蓝根胶囊
板蓝根咀嚼片
板蓝根颗粒
板蓝根颗粒（无糖型）
板蓝根颗粒（有糖型）
板蓝根口服液
板蓝根泡腾片
板蓝根片
板蓝根软胶囊
板蓝根糖浆
板蓝根注射液
板蓝解毒注射液
板蓝清热颗粒
半贝丸
半酒石酸唑吡坦
半硫丸
半水合雌二醇
半夏和胃颗粒
半夏露颗粒
半夏露糖浆
半夏曲
半夏糖浆
半夏天麻丸
半夏止咳颗粒
半夏止咳糖浆
半枝莲胶囊
半枝莲片
半胱氨酸
胞磷胆碱
胞磷胆碱肌苷
胞磷胆碱钠
胞磷胆碱钠肌苷
胞磷胆碱钠氯化钠
胞磷胆碱钠葡萄糖
包醛氧淀粉
薄荷锭
薄荷喉
薄荷喉片
薄荷护表油
薄荷活络膏
薄荷六一散
薄荷脑
薄荷尿素
薄荷素油
薄荷通吸入剂
薄荷止痒酊
薄荷茴桉苯甲酸钠
薄荷桉油
薄荷桉油(Ⅰ)
薄荷桉油(Ⅱ)
薄荷麝香草酚
薄芝菌注射液
薄芝片
薄芝糖肽
保安万灵丹
保安万灵丸
保赤散
保赤一粒金散
保赤一粒金丸
保儿安颗粒
保儿宁颗粒
保儿宁糖浆
保妇康凝胶
保妇康泡沫剂
保妇康栓
保妇康阴道泡腾片
保肝合剂
保和咀嚼片
保和颗粒
保和口服液
保和片
保和堂珠珀猴枣散
保和丸
保和液
保喉片
保济口服液
保济丸
保济油
保利尔胶囊
保龄参
保宁半夏颗粒
保胎灵
保胎灵胶囊
保胎灵片
保胎丸
保胎无忧胶囊
保胎无忧片
保胎无忧散
保泰松
保童化痰丸
保胃胶囊
保心安膏
保心安油
保心包
保心胶囊
保心宁胶囊
保心宁片
保心片
保婴丹
保婴夺命散
保婴散
保婴镇惊丸
保幼化风丹
保元丸
保真膏
宝宝乐
宝宝乐咀嚼片
宝宝牛黄散
宝儿康散
宝儿康糖浆
宝咳宁颗粒
宝珍膏
宝珍橡胶膏
抱龙丸
豹骨活络丸
豹骨酒
豹骨木瓜酒
豹骨追风膏
北豆根滴丸
北豆根分散片
北豆根胶囊
北豆根咀嚼片
北豆根片
北豆根软胶囊
北芪精
北芪口服液
北芪片
北芪五加片
贝参平喘胶囊
贝伐珠单抗
贝桔止咳糖浆
贝沥止咳口服液
贝羚胶囊
贝羚散
贝美格
贝美前列素
贝美素噻吗洛尔
贝米肝素钠
贝敏伪麻
贝母二冬膏
贝母花流浸膏
贝母花片
贝母梨膏
贝母枇杷糖浆
贝那鲁肽
贝那普利氢氯噻嗪
贝那替嗪
贝诺酯
贝诺酯维B1
贝前列素钠
倍得宝
倍氯米松福莫特罗
倍他胡萝卜素
倍他洛尔
倍他米松
倍他米松磷酸钠
倍他米松新霉素
倍他司汀
倍芪腹淀贴
倍芪腹泻贴
苯巴比妥
苯巴比妥东莨菪碱
苯巴比妥钠
苯丙氨酯
苯丙胺
苯丙醇
苯丙酸诺龙
苯丁酸氮芥
苯酚
苯酚甘油
苯酚伪麻
苯海拉明薄荷脑
苯海拉明伪麻黄碱
苯磺贝他斯汀
苯磺顺阿曲库铵
苯磺酸阿曲库铵
苯磺酸氨氯地平
苯磺酸左旋氨氯地平
苯甲醇
苯甲酸
苯甲酸阿格列汀
苯甲酸雌二醇
苯甲酸利扎曲普坦
苯甲酸苄酯
苯替酪胺
苯妥英钠
苯西卤铵
苯扎贝特
苯扎氯铵
苯扎溴铵
苯佐卡因
苯唑西林钠
苯噻啶
苯溴马隆
苯酰甲硝唑
本芴醇
鼻康胶囊
鼻康片
鼻宁喷雾剂
鼻塞通滴鼻剂
鼻塞通滴鼻液
鼻舒适片
鼻通滴鼻剂
鼻通宁滴剂
鼻通丸
鼻血止颗粒
鼻咽灵片
鼻咽清毒剂
鼻咽清毒颗粒
鼻炎滴剂
鼻炎康片
鼻炎灵片
鼻炎灵丸
鼻炎宁冲剂
鼻炎宁胶囊
鼻炎宁颗粒
鼻炎片
鼻炎糖浆
鼻炎通喷雾剂
鼻渊合剂
鼻渊胶囊
鼻渊片
鼻渊软胶囊
鼻渊舒胶囊
鼻渊舒口服液
鼻渊糖浆
鼻渊通窍颗粒
鼻渊丸
鼻窦炎口服液
比阿培南
比拜克胶囊
比伐卢定
比卡鲁胺
比沙可啶
比索洛尔
比索洛尔氢氯噻嗪
碧玉散
碧云砂乙肝颗粒
蓖麻油
痹克颗粒
痹克片
痹通药酒
痹痛宁胶囊
痹痛熨剂
痹痛酊
痹欣片
痹祺胶囊
辟瘟丹
辟瘟片
避瘟胶囊
避瘟散
扁蕾颗粒
扁桃酸
便秘通
便秘通软膏
便乃通茶
便通胶囊
便通片
变应原
变应原(抗原)溶媒
标准桃金娘油肠溶胶囊(成人装)
标准桃金娘油肠溶胶囊(儿童装)
表热清胶囊
表热清颗粒
表实感冒颗粒
表虚感冒胶囊
表虚感冒颗粒
鳖甲煎丸
鳖甲胶
鳖甲消痔胶囊
别嘌醇
别嘌呤醇
冰胆搽剂
冰矾清毒生肌散
冰黄肤乐软膏
冰黄软膏
冰连滴耳剂
冰连清咽喷雾剂
冰梅上清丸
冰硼含片
冰硼散
冰硼咽喉散
冰七胶囊
冰七片
冰石愈伤软膏
冰霜梅苏丸
冰霜痱子粉
冰蛹通脉含片
冰樟桉氟轻松
冰珍清目滴眼液
冰珍去翳滴眼液
冰栀伤痛气雾剂
丙氨瑞林
丙氨酰谷氨酰胺
丙泊酚
丙泊酚中/长链脂肪乳
丙谷胺
丙磺舒
丙卡巴肼
丙硫氧嘧啶
丙硫异烟胺
丙酸倍氯米松
丙酸倍他米松
丙酸氟替卡松
丙酸交沙霉素
丙酸氯倍他索
丙酸睾酮
丙戊酸镁
丙戊酸钠
丙戊酸钠/丙戊酸
丙戊酰胺
丙氧氨酚
丙氧氨酚复方
丙氧匹林
病毒灭活血浆
玻璃酸酶
菠白散
菠萝蛋白酶
拨云锭
拨云复光散
拨云散眼药
拨云退翳丸
拨云眼膏
波生坦
博尔宁胶囊
博落回肿痒酊
博性康药膜
泊沙康唑
驳骨风湿酒
驳骨水
补白颗粒
补肺活血胶囊
补肺丸
补骨脂注射液
补金胶囊
补金片
补脑安神胶囊
补脑安神片
补脑丸
补脾安神合剂
补脾消积口服液
补脾益肠丸
补脾益肾口服液
补气和血胶囊
补气口服液
补气升提片
补肾安神口服液
补肾斑龙胶囊
补肾斑龙片
补肾防喘片
补肾固齿丸
补肾健骨胶囊
补肾健脾口服液
补肾健胃二十一味丸
补肾康乐胶囊
补肾口服液
补肾宁片
补肾强身胶囊
补肾强身片
补肾润肺口服液
补肾生发药酒
补肾十七味膏
补肾填精口服液
补肾填精丸
补肾通淋颗粒
补肾丸
补肾丸（小蜜丸）
补肾温阳酒
补肾养血胶囊
补肾养血丸
补肾益肝颗粒
补肾益精酒
补肾益精丸
补肾益脑胶囊
补肾益脑片
补肾益脑丸
补肾益气胶囊
补肾益寿胶囊
补肾益寿片
补肾助阳丸
补肾壮骨口服液
补天灵片
补心片
补心气口服液
补心通脉颗粒
补心丸
补虚通瘀颗粒
补血安神胶囊
补血催生丸
补血当归胶囊
补血当归精
补血调经片
补血宁神片
补血片
补血润泽胶囊
补血生乳颗粒
补血益母颗粒
补血益母糖浆
补血益母丸
补液盐
补液盐II
补液盐Ⅰ
补液盐Ⅲ
补益地黄丸
补益活络丸
补益强心片
补益资生丸
补益蒺藜丸
补益杞圆酒
补中益气膏
补中益气合剂
补中益气颗粒
补中益气口服液
补中益气片
补中益气丸
不换金正气散
布地奈德
布地奈德福莫特罗
布拉氏酵母菌
布林佐胺
布林佐胺噻吗洛尔
布洛芬
布洛伪麻
布洛伪麻那敏
布美他尼
布那唑嗪
布南色林
布氏菌活疫苗
布氏菌素
擦癣药水
采力合剂
采云曲
参白化痔胶囊
参白健脾丸(人参健脾丸)
参柏舒心胶囊
参柏舒心颗粒
参柏舒阴洗液
参柏洗液
参百宁神口服液
参贝北瓜膏
参贝北瓜颗粒
参贝陈皮
参贝咳喘丸
参贝止咳颗粒
参倍固肠胶囊
参鞭补肾合剂
参柴肝康片
参柴肝康软胶囊
参柴胶囊
参柴颗粒
参丹活血胶囊
参丹散结胶囊
参地益肾口服液
参地益阴胶囊
参蛾温肾口服液
参蛾助阳合剂
参附强心丸
参附脱毒胶囊
参附注射液
参蛤胶囊
参蛤平喘胶囊
参归润燥搽剂
参归生发酊
参归养血口服液
参归养血片
参龟补肾口服液
参龟固本酒
参桂补气养血口服液
参桂调经丸
参桂胶囊
参桂理中丸
参桂鹿茸丸
参桂养荣丸
参桂再造丸
参红祛瘀散结胶囊
参虎解毒丸
参花消渴茶
参黄消渴胶囊
参黄养阴胶囊
参皇乳膏
参皇软膏
参棘软膏
参胶胶囊
参精补肾胶囊
参精固本丸
参精止渴丸
参景养阴胶囊
参坤养血胶囊
参坤养血颗粒
参坤养血口服液
参蓝口服液
参莲胶囊
参莲颗粒
参灵肝康胶囊
参灵蓝胶囊
参灵通络胶囊
参龙补肾胶囊
参龙虫草益肾胶囊
参龙宁心胶囊
参龙养血膏
参鹿补膏
参鹿补片
参鹿补虚胶囊
参鹿茶
参鹿扶正合剂
参鹿扶正胶囊
参鹿扶正片
参鹿膏
参鹿健肺胶囊
参鹿健肾口服液
参鹿强身丸
参麦地黄丸
参麦颗粒
参麦止嗽糖浆
参麦注射液
参梅健胃胶囊
参梅养胃颗粒
参南星口服液
参牛胶囊
参七脑康胶囊
参七乳泰片
参七散结丸
参七心疏胶囊
参七心疏片
参茸阿胶
参茸安神片
参茸安神丸
参茸白凤丸
参茸保胎丸
参茸鞭丸
参茸补酒
参茸补肾片
参茸补血酒
参茸虫草胶囊
参茸大补膏
参茸多鞭酒
参茸蛾补肾助阳胶囊
参茸蜂王浆胶囊
参茸复春片
参茸蛤蚧保肾丸
参茸固本还少丸
参茸固本片
参茸海马丸
参茸黑锡丸
参茸加口服液
参茸酒
参茸颗粒
参茸口服液
参茸灵芝胶囊
参茸鹿胎膏
参茸鹿胎丸
参茸木瓜药酒
参茸片
参茸强肾片
参茸全虫酒
参茸三鞭丸
参茸三七补血片
参茸三七酒
参茸三肾胶囊
参茸三肾散
参茸天麻酒
参茸丸
参茸卫生丸
参茸温肾丸
参茸延龄片
参茸养心益肾胶囊
参茸益肾胶囊
参茸珍宝片
参茸正阳口服液
参茸壮骨丸
参茸追风酒
参蓉健腰酒
参三七伤药
参三七伤药胶囊
参三七伤药片
参芍胶囊
参芍片
参蛇花痔疮膏
参蛇偏瘫胶囊
参术儿康糖浆
参术健脾丸
参术健中口服液
参术胶囊
参术止带糖浆
参松养心胶囊
参苏补肾胶囊
参苏感冒片
参苏胶囊
参苏口服液
参苏片
参苏丸
参苏宣肺丸
参锁巴戟口服液
参田胶囊
参威口服液
参维冻干蜂王浆片
参维灵片
参味补肾合剂
参乌安神口服液
参乌益肾片
参仙片
参仙升脉口服液
参仙壮肾胶囊
参雄温阳胶囊
参阳胶囊
参阳片
参一胶囊
参玉补气酒
参苑益气补肾胶囊
参枣健脑口服液
参泽舒肝胶囊
参芝安神口服液
参枝苓口服液
参志胶囊
参竹精胶囊
参竹精颗粒
参竹精片
参子合剂
参芎胶囊
参芎葡萄糖
参芩白术散
参芪阿胶胶囊
参芪阿胶颗粒
参芪博力康片
参芪儿康口服液
参芪二仙片
参芪扶正丸
参芪扶正注射液
参芪复脉颗粒
参芪肝康胶囊
参芪肝康片
参芪膏
参芪蛤蚧补浆
参芪花粉片
参芪健胃颗粒
参芪降糖胶囊
参芪降糖颗粒
参芪降糖片
参芪咀嚼片
参芪颗粒
参芪口服液
参芪力得康片
参芪鹿茸口服液
参芪沙棘合剂
参芪山药膏
参芪升阳补血胶囊
参芪十一味胶囊
参芪十一味颗粒
参芪十一味片
参芪首乌补汁
参芪糖浆
参芪丸
参芪王浆养血口服液
参芪温阳栓
参芪乌鸡养血膏
参芪五味子胶囊
参芪五味子颗粒
参芪五味子片
参芪五味子糖浆
参芪消渴胶囊
参芪消渴颗粒
参芪益肺丸
参芪益母颗粒
参芪益气酒
参芪鱼肝油
参芪云芝颗粒
参苓白术胶囊
参苓白术咀嚼片
参苓白术颗粒
参苓白术口服液
参苓白术片
参苓白术散
参苓白术丸
参苓蛤蚧合剂
参苓归元膏
参苓健儿膏
参苓健脾丸
参苓健脾胃颗粒
参苓健体粉
参苓健胃口服液
参苓精口服液
参苓口服液
参苓益肾酒
参苓祛斑涂膜
参茜固经颗粒
参茯胶囊
参茯益气安神合剂
参藿温肾胶囊
参杞杜仲丸
参杞酒
参杞颗粒
参杞片
参杞全鹿丸
参杞糖浆
参杞益脑胶囊
参蛭活血胶囊
参蟾消解胶囊
参麝活络丸
蚕参健脾颗粒
蚕蛾公补合剂
蚕蛾公补胶囊
蚕蛾公补酒
蚕蛾公补片
蚕茧眼药
蚕鹿口服液
蚕茸柱天胶囊
蚕蛹补肾胶囊
苍鹅鼻炎片
苍耳子鼻炎滴丸
苍耳子鼻炎胶囊
苍莲感冒片
苍辛气雾剂
苍夷滴鼻剂
苍夷滴鼻油
苍苓止泻口服液
藏降脂胶囊
藏茄流浸膏
藏青果喉片
藏青果颗粒
藏茵陈胶囊
藏茵陈颗粒
藏茵陈片
草豆蔻酊
草分枝杆菌F.U.36
草果四味汤散
草木犀流浸液
草酸艾司西酞普兰
草乌甲素
草仙乙肝胶囊
草香胃康胶囊
茶苯海明
茶碱
茶碱Ⅱ
茶碱氯化钠
茶碱麻黄碱
茶碱葡萄糖
茶碱沙丁胺醇
茶碱愈创甘油醚
茶色素胶囊
茶新那敏
茶愈胶囊
柴贯解热颗粒
柴胡滴丸
柴胡口服液
柴胡舒肝丸
柴胡镇咳片
柴胡注射液
柴黄胶囊
柴黄咀嚼片
柴黄颗粒
柴黄口服液
柴黄泡腾片
柴黄片
柴黄清热颗粒
柴黄软胶囊
柴连口服液
柴石退热颗粒
柴酮片
柴辛感冒注射液
柴银感冒颗粒
柴银颗粒
柴银口服液
柴芩清宁胶囊
柴芩清宁片
柴芩软胶囊
缠喉散
产复康颗粒
产复欣颗粒
产复欣丸
产妇安合剂
产妇安胶囊
产妇安颗粒
产妇安口服液
产妇安丸
产妇康洗液
产后补丸
产后康膏
产后益母丸
产后逐瘀胶囊
产后逐瘀颗粒
产后逐瘀片
产灵丸
常规人胰岛素
常规重组人胰岛素
常松八味沉香胶囊
常松八味沉香散
常通舒颗粒
长白复尔春胶囊
长城感冒片
长城止咳喘糖浆
长春胺
长春宝口服液
长春宝丸
长春红药胶囊
长春红药片
长春花碱
长春烫伤膏
长春西汀
长春西汀氯化钠
长春西汀葡萄糖
长春药酒
长春益寿膏
长链脂肪乳
长链脂肪乳(OO)
肠道病毒71型灭活疫苗(Vero细胞)
肠道病毒71型灭活疫苗(人二倍体细胞)
肠道致病性大肠艾希氏菌诊断血清
肠多糖
肠康胶囊
肠康片
肠痢宁片
肠内高能营养多聚剂
肠内营养(SP)
肠内营养多聚剂
肠内营养粉(AA)
肠内营养粉剂
肠内营养粉剂(AA-PA)
肠内营养剂
肠内营养剂(MCT)
肠内营养剂(TP)
肠内营养剂(TP-HE)
肠内营养剂(TP-MCT)
肠内营养剂(TP-TW)
肠内营养剂(TPF)
肠内营养剂(TPF-D)
肠内营养剂(TPF-DM)
肠内营养剂(TPF-FOS)
肠内营养剂(TPF-T)
肠内营养剂(TPSPA)
肠内营养剂Ⅱ(TP)
肠舒胶囊
肠舒片
肠舒通栓
肠舒止泻胶囊
肠舒止泻片
肠泰合剂
肠外营养剂
肠胃宁胶囊
肠胃宁片
肠胃散
肠胃适胶囊
肠胃舒胶囊
肠炎宁胶囊
肠炎宁咀嚼片
肠炎宁颗粒
肠炎宁口服液
肠炎宁片
肠炎宁糖浆
肠炎宁丸
畅鼻通颗粒
超顺磁氧化铁
朝阳胶囊
朝阳丸
潮安胶囊
潮安片
车前番泻复合
车前番泻颗粒
沉香安神胶囊
沉香安神散
沉香化气胶囊
沉香化气片
沉香化气丸
沉香化滞丸
沉香降气丸
沉香理气丸
沉香利气丸
沉香曲
沉香散
沉香十七味丸
沉香舒气丸
沉香舒郁片
沉香舒郁丸
陈李济咳喘顺丸
陈夏六君子丸
陈香露白露胶囊
陈香露白露片
橙皮
橙皮酊
齿痛冰硼散
齿痛宁
齿痛消炎灵颗粒
赤丹退黄颗粒
虫草被孢菌
虫草参芪膏
虫草参芪口服液
虫草川贝膏
虫草川贝止咳茶
虫草川贝止咳膏
虫草胶雷菌
虫草金钱龟口服液
虫草菌发酵制剂
虫草菌粉参芍酒
虫草清肺胶囊
虫草双参酒
虫草头孢菌
虫草五味颗粒
虫草洋参胶囊
虫草芪参胶囊
虫草杞芝颗粒
出血热预防片
雏凤精
除疤膏
除湿白带丸
除湿止痒软膏
除湿止痒洗液
除痰止嗽丸
除障则海甫胶囊
除障则海甫片
除脂生发胶囊
除脂生发片
除翳明目片
川百止痒洗剂
川贝半夏液
川贝梨糖浆
川贝罗汉止咳颗粒
川贝末胶囊
川贝末片
川贝清肺膏
川贝清肺糖浆
川贝散
川贝雪梨膏
川贝雪梨胶囊
川贝雪梨颗粒
川贝雪梨糖浆
川贝银耳糖浆
川贝止咳露
川贝止咳糖浆
川贝止嗽合剂
川贝枇杷膏
川贝枇杷胶囊
川贝枇杷颗粒
川贝枇杷露
川贝枇杷片
川贝枇杷糖浆
川贝枇杷溏浆
川参通注射液
川桂散
川花止痛膜
川黄颗粒
川黄口服液
川龙合剂
川射干黄酮胶囊
川苏救心喷雾剂
川郁风寒熨剂
川芎茶调冲剂
川芎茶调袋泡剂
川芎茶调滴丸
川芎茶调颗粒
川芎茶调口服液
川芎茶调片
川芎茶调散
川芎茶调丸
川芎清脑颗粒
川蛭通络胶囊
穿黄清热胶囊
穿黄清热片
穿金益肝片
穿龙骨刺胶囊
穿龙骨刺片
穿山龙注射液
穿王消炎胶囊
穿王消炎片
穿心莲滴丸
穿心莲分散片
穿心莲胶囊
穿心莲内脂片
穿心莲内酯滴丸
穿心莲内酯分散片
穿心莲内酯胶囊
穿心莲内酯片
穿心莲内酯软胶囊
穿心莲片
穿心莲软胶囊
穿心莲丸
穿心莲注射液
穿琥宁
穿琥宁氯化钠
穿琥宁注射液
喘咳宁片
喘可治注射液
喘络通胶囊
喘舒片
喘嗽宁胶囊
喘嗽宁片
喘泰颗粒
喘息灵胶囊
疮炎灵软膏
疮疡膏
创伤宁软膏
创伤止痛乳膏
创灼膏
垂盆草分散片
垂盆草颗粒
垂盆草片
垂体后叶
垂体前叶肾上腺皮质提取物
垂阴茶颗粒
垂阴茶糖浆
春梅颗粒
春血安胶囊
椿乳凝胶
唇齿清胃丸
纯阳正气胶囊
纯阳正气丸
磁朱丸
雌二醇
雌二醇/雌二醇炔诺酮
雌二醇/醋酸炔诺酮
雌二醇/醋酸炔诺酮复方
雌二醇雌二醇地屈孕酮
雌二醇屈螺酮
雌二醇炔诺酮
雌三醇
雌酮硫酸酯哌嗪
慈丹胶囊
慈航胶囊
慈航片
慈航丸
慈术化瘀膏
刺丹颗粒
刺乌养心口服液
刺五加茶
刺五加胶囊
刺五加浸膏
刺五加颗粒
刺五加脑灵胶囊
刺五加脑灵液
刺五加片
刺五加糖浆
刺五加注射液
次水杨酸铋
次硝酸铋
醋氨苯砜
醋氨己酸锌
醋丙氢可的松
醋甲唑胺
醋柳黄酮
醋氯芬酸
醋酸阿比特龙
醋酸阿托西班
醋酸奥曲肽
醋酸倍他米松
醋酸丙氨瑞林
醋酸地塞米松
醋酸氟轻松
醋酸氟轻松冰片
醋酸氟氢可的松
醋酸钙
醋酸戈舍瑞林
醋酸环丙孕酮
醋酸加尼瑞克
醋酸甲地孕酮
醋酸甲萘氢醌
醋酸甲羟孕酮
醋酸甲羟孕酮复合
醋酸卡泊芬净
醋酸可的松
醋酸兰瑞肽
醋酸亮丙瑞林
醋酸亮丙瑞林微球
醋酸氯己定
醋酸麦迪霉素
醋酸钠林格
醋酸泼尼松
醋酸泼尼松龙
醋酸氢化可的松
醋酸曲安奈德
醋酸曲安奈德尿素
醋酸曲安奈德益康唑
醋酸曲安缩松尿素
醋酸曲安西龙尿素
醋酸曲普瑞林
醋酸去氨加压素
醋酸生长抑素
醋酸西曲瑞克
醋硝香豆素
醋制香附丸
醋羟胺酸
促肝细胞生长素
促皮质素
催乳颗粒
催乳丸
催汤丸
翠莲解毒片
达比加群酯
达肺草
达肝素钠
达格列净
达卡巴嗪
达克罗宁氯己定硫
达立通颗粒
达芦那韦
达那唑
达沙替尼
达斯玛保丸
达托霉素
打虎壮元丸
大败毒胶囊
大补药酒
大补阴丸
大柴胡颗粒
大川芎颗粒
大川芎口服液
大川芎片
大豆磷脂
大枫子油
大风丸
大花红景天口服液
大黄利胆胶囊
大黄利胆片
大黄流浸膏
大黄清胃丸
大黄三味片
大黄庶虫丸
大黄碳酸氢钠
大黄通便胶囊
大黄通便颗粒
大黄通便片
大黄泻火散
大黄叶绿素铜钠
大黄蛰虫胶囊
大黄蛰虫片
大黄蛰虫丸
大黄总蒽醌胶囊
大黄酊
大活络胶囊
大活络丸
大蓟止血片
大力药酒
大流行流感病毒裂解疫苗
大流行流感病毒灭活疫苗
大明胶囊
大七厘胶囊
大七厘片
大七厘散
大七厘丸
大山楂咀嚼片
大山楂颗粒
大山楂片
大山楂丸
大蒜
大蒜素
大蒜素葡萄糖
大蒜油软胶囊
大卫颗粒
大温中丸
大月晶丸
大株红景天胶囊
大株红景天片
大株红景天注射液
带症丸
代温灸膏
丹白颗粒
丹鳖胶囊
丹参保心茶
丹参冲剂
丹参川芎嗪
丹参滴丸
丹参滴注液
丹参膏
丹参合剂
丹参胶囊
丹参颗粒
丹参口服液
丹参片
丹参软胶囊
丹参舒心胶囊
丹参通络膏
丹参酮ⅡA磺酸钠
丹参酮胶囊
丹参益心胶囊
丹参注射液
丹灯通脑滴丸
丹灯通脑胶囊
丹灯通脑片
丹灯通脑软胶囊
丹佛胃尔康颗粒
丹葛颈舒胶囊
丹骨生发酊
丹归胶囊
丹桂活血酒
丹桂香胶囊
丹桂香颗粒
丹红滴注液
丹红化瘀口服液
丹红注射液
丹花口服液
丹黄颗粒
丹黄祛瘀胶囊
丹黄祛瘀片
丹蓝通络口服液
丹蓝益气养阴口服液
丹羚心舒胶囊
丹鹿胶囊
丹鹿通督片
丹绿补肾胶囊
丹皮酚
丹皮酚磺酸钠
丹皮酚软膏
丹皮酚贴膏
丹皮酚注射液
丹七胶囊
丹七片
丹七软胶囊
丹青胶囊
丹曲林钠
丹桃合剂
丹田降脂丸
丹王颗粒
丹膝颗粒
丹溪玉屏风颗粒
丹香冠心注射液
丹香葡萄糖滴注液
丹香清脂颗粒
丹益片
丹玉通脉颗粒
丹郁骨康丸
丹枣口服液
丹珍头痛胶囊
丹贞颗粒
丹芎跌打膏
丹芎通脉颗粒
丹芎瘢痕涂膜
丹芪和血片
丹芪胶囊
丹芪偏瘫胶囊
丹芪舒心胶囊
丹芪养血颗粒
丹苓补骨胶囊
丹莪妇康煎膏
丹莪妇康颗粒
丹萸颗粒
丹萸片
丹葶肺心颗粒
丹蒌片
丹杞颗粒
丹栀口服液
丹栀逍遥胶囊
丹栀逍遥片
丹栀逍遥丸
单磷酸阿糖腺苷
单硫酸卡那霉素
单氯芬那酸
单糖浆
单唾液酸四己糖神经节苷脂钠
单唾液酸四己糖神经节苷脂钠盐
单硝酸异山梨酯
单硝酸异山梨酯(Ⅰ)
单硝酸异山梨酯(Ⅱ)
单硝酸异山梨酯(Ⅲ)
单硝酸异山梨酯(Ⅳ)
单硝酸异山梨酯氯化钠
单硝酸异山梨酯葡萄糖
单盐酸氟西泮
胆茶碱
胆固醇试剂
胆黄片
胆荚片
胆康胶囊
胆康片
胆乐胶囊
胆乐片
胆利舒胶囊
胆龙止喘片
胆木浸膏胶囊
胆木浸膏片
胆木浸膏糖浆
胆木注射液
胆宁片
胆清胶囊
胆清片
胆石利通胶囊
胆石利通片
胆石片
胆石清片
胆石通胶囊
胆石通利胶囊
胆石通利片
胆舒滴丸
胆舒胶囊
胆舒排石颗粒
胆舒片
胆舒软胶囊
胆酸钠
胆酸止咳片
胆维丁
胆胃康胶囊
胆香鼻炎胶囊
胆香鼻炎片
胆炎康胶囊
胆益宁片
胆影葡胺
胆汁槟榔维B1
氮甲
弹性火棉胶
弹性酶
蛋氨酸
蛋氨酸重酒石酸胆碱
蛋白琥珀酸铁
当飞利肝宁胶囊
当飞利肝宁片
当归补血胶囊
当归补血颗粒
当归补血口服液
当归补血丸
当归调经颗粒
当归调经片
当归腹痛宁滴丸
当归红枣颗粒
当归寄生注射液
当归浸膏片
当归颗粒
当归苦参丸
当归流浸膏
当归龙荟胶囊
当归龙荟片
当归龙荟丸
当归南枣胶囊
当归南枣颗粒
当归南枣片
当归拈痛合剂
当归拈痛颗粒
当归拈痛丸
当归片
当归芍药胶囊
当归芍药颗粒
当归芍药片
当归丸
当归养血口服液
当归养血丸
当归益血膏
当归益血口服液
当归注射液
当药片
党参固本丸
党参养荣丸
荡涤灵
荡涤灵颗粒
荡石胶囊
荡石片
导便栓
导赤丸
德都红花七味散
德都红花七味丸
德谷胰岛素
得力生注射液
得生胶囊
得生片
得生丸
灯台叶颗粒
灯台叶片
灯心止血胶囊
灯心止血糖浆
灯银脑通胶囊
灯盏花滴丸
灯盏花颗粒
灯盏花素滴丸
灯盏花素分散片
灯盏花素咀嚼片
灯盏花素氯化钠注射液
灯盏花素片
灯盏花素葡萄糖注射液
灯盏花素注射液
灯盏生脉胶囊
灯盏细辛合剂
灯盏细辛合剂(无糖型)
灯盏细辛胶囊
灯盏细辛颗粒
灯盏细辛软胶囊
灯盏细辛注射液
灯盏细辛注射制剂
低分子肝素钙
低分子肝素钠
低分子量肝素钙
低分子量肝素钠
低分子右旋糖酐氨基酸
低钙腹膜透析液(乳酸盐-G1.5%)
低钙腹膜透析液(乳酸盐-G2.5%)
低钙腹膜透析液(乳酸盐-G4.25%)
低精蛋白锌胰岛素
低精蛋白重组人胰岛素
滴耳油
滴通鼻炎水
滴通鼻炎水喷雾剂
涤痰丸
地奥司明
地奥心血康胶囊
地奥心血康颗粒
地奥心血康口服液
地奥心血康片
地奥心血康软胶囊
地巴唑
地丁三味汤散
地氟烷
地高辛
地骨降糖胶囊
地骨降糖丸
地红霉素
地黄润通口服液
地黄叶总苷胶囊
地锦草胶囊
地锦草片
地夸磷索钠
地拉罗司
地龙注射液
地氯雷他定
地麦消渴胶囊
地牡宁神口服液
地奈德
地诺前列素
地诺前列酮
地屈孕酮
地塞米松
地塞米松磷酸钠
地塞米松钠
地塞米松棕榈酸酯
地芍消渴颗粒
地特胰岛素
地西他滨
地西泮
地衣芽胞杆菌活菌
地榆槐角丸
地榆升白胶囊
地榆升白片
地贞颗粒
地仲强骨胶囊
地佐辛
地蒽酚
地喹氯铵
地喹氯铵短杆菌素
递法明片
颠茄合剂
颠茄磺苄啶
颠茄口腔崩解片
颠茄流浸膏
颠茄片
颠茄酊
滇白珠糖浆
滇桂艾纳香胶囊
滇桂艾纳香片
滇女金丸(女金丹丸)
碘[125I]密封籽源
碘[131I]化钠
碘[131I]美妥昔单抗
碘[131I]美妥昔单抗皮试制
碘[131I]肿瘤细胞核人鼠嵌合单克隆抗体
碘[I-123]化钠
碘苯酯
碘比醇
碘番酸
碘佛醇
碘甘油
碘海醇
碘化钾
碘化油
碘化铵
碘解磷定
碘聚醇醚
碘克沙醇
碘克沙酸葡胺
碘美普尔
碘帕醇
碘喷托
碘普胺
碘普罗胺
碘曲仑
碘塞罗宁
碘塞罗宁钠
碘散
碘酸钾
碘他拉葡胺
碘他拉葡甲胺
碘糖
碘苷
碘羟拉葡胺
碘酊
点舌丸
靛玉红
靛玉红片
靛胭脂
淀粉酶
吊筋药
调肝和胃丸
调经白带丸
调经补血丸
调经促孕丸
调经化瘀丸
调经活血胶囊
调经活血片
调经健胃丸
调经丸
调经养血丸
调经养颜胶囊
调经养颜颗粒
调经养颜片
调经益灵胶囊
调经益灵片
调经益母胶囊
调经益母片
调经止带丸
调经止痛胶囊
调经止痛片
调经至宝丸
调经种子丸
调经姊妹丸
调经祛斑胶囊
调经祛斑片
调经祛斑丸
调气丸
调胃丹
调胃舒肝丸
调胃消滞丸
调元大补二十五味汤散
调脂片
调中四消丸
跌打按摩药膏
跌打榜药酒
跌打风湿酒
跌打风湿药酒
跌打红药胶囊
跌打红药片
跌打化瘀散
跌打活血胶囊
跌打活血散
跌打扭伤灵酊
跌打扭伤散
跌打片
跌打七厘片
跌打七厘散
跌打伤科酒
跌打生骨胶囊
跌打生骨颗粒
跌打生骨片
跌打损伤散
跌打损伤丸
跌打丸
跌打万花油
跌打药酒
跌打镇痛膏
跌打止痛片
跌打止痛散
跌打止痛液
跌伤灵贴膏
丁苯酞
丁苯酞氯化钠
丁苯羟酸
丁丙诺啡
丁二磺酸腺苷蛋氨酸
丁二酸洛沙平
丁公藤风湿药酒
丁公藤注射液
丁桂儿脐贴
丁桂温胃胶囊
丁桂温胃散
丁硼乳膏
丁酸氯倍他松
丁酸氢化可的松
丁细牙痛胶囊
丁香风油精
丁香罗勒油
丁芎癣药水
丁蔻理中丸
丁溴东莨菪碱
定搐化风丸
定喘膏
定喘止咳胶囊
定喘止咳糖浆
定喘止嗽丸
定风止痛胶囊
定坤丹
定坤丹口服液
定坤丸
定心丸
定眩丸
东方活血膏
东方胃药胶囊
东乐膏
东梅止咳颗粒
东山感冒片
东莨菪碱
冬白梅片
冬凌草滴丸
冬凌草胶囊
冬凌草片
冬凌草糖浆
冬青补汁
冬茸补肾胶囊
冬菀止咳颗粒
动物骨多肽
动物源长效胰岛素
动物源短效胰岛素
动物源肺表面活性物质
动物源预混胰岛素
动物源中效胰岛素
冻疮膏
冻疮未溃膏
冻疮消酊
冻干蜂王浆胶囊
冻干蜂王浆软胶囊
冻干蜂王浆散
冻干人凝血酶
冻可消搽剂
洞天长春膏
豆腐果苷
都梁滴丸
都梁软胶囊
都梁丸
毒毛花苷K
独活寄生合剂
独活寄生颗粒
独活寄生丸
独活止痛搽剂
独角膏
独角莲膏
独圣活血片
独一味滴丸
独一味分散片
独一味胶囊
独一味咀嚼片
独一味颗粒
独一味泡腾片
独一味片
独一味软胶囊
独一味丸
杜记独角膏
杜羌络通酒
杜香油
杜仲补天素胶囊
杜仲补天素片
杜仲补天素丸
杜仲补腰合剂
杜仲降压片
杜仲绞股蓝口服液
杜仲颗粒
杜仲平压分散片
杜仲平压胶囊
杜仲平压片
杜仲双降袋泡剂
杜仲药酒
杜仲壮骨胶囊
杜仲壮骨丸
杜蛭丸
肚痛健胃整肠丸
肚痛丸
肚痛泻丸
度米芬
度他雄胺
短棒杆菌
短棒状杆菌
短肽型肠内营养剂
断血流滴丸
断血流分散片
断血流胶囊
断血流颗粒
断血流口服液
断血流泡腾片
断血流片
断血流软胶囊
对-伞花烃
对氨基水杨酸钙
对氨基水杨酸钠
对氨基水杨酸异烟肼
对甲苯磺酸舒他西林
对乙酰氨基酚
对乙酰氨基酚维生素C
对乙酰氨基酚异丙嗪
对乙酰氨基酸
盾叶冠心宁片
多巴胺葡萄糖
多巴丝肼
多动宁胶囊
多磺酸粘多糖
多价气性坏疽抗毒素
多抗甲素
多库酯钠
多库酯钠丹蒽醌
多利卡因
多酶
多潘立酮
多司马酯
多索茶碱
多索茶碱氯化钠
多索茶碱葡萄糖
多糖蛋白
多糖铁复合物
多替阿巴拉米
多替拉韦钠
多维赖氨酸
多维片(6)
多维铁口服溶液
多维元素
多维元素(10)
多维元素(10)铁
多维元素(13)
多维元素(14)
多维元素(15)
多维元素(16)
多维元素(16-Ⅱ)
多维元素(21)
多维元素(23)
多维元素(25)
多维元素(29)
多维元素(6)
多西环素
多西他赛
多西紫杉醇
多烯磷脂酰胆碱
多烯酸乙酯
多粘菌素
多种钙维片
多种微量元素
多种微量元素(Ⅰ)
多种微量元素(Ⅱ)
多种维生素(12)
多种油脂肪乳（C6~24）
多廿烷醇
蛾贞胶丸
蛾苓丸
鹅去氧胆酸
厄贝沙坦
厄贝沙坦氢氯噻嗪
厄多司坦
厄他培南
厄他培南钠
饿求齐胶囊
饿求齐颗粒
饿求齐片
恩丹西酮
恩夫韦肽
恩氟烷
恩格列净
恩曲利替
恩曲他滨
恩曲他滨替诺福韦
恩他卡朋
恩他卡朋双多巴
恩他卡朋双多巴(IV)
恩他卡朋双多巴(Ⅱ)
恩他卡朋双多巴(Ⅲ)
恩替卡韦
儿宝膏
儿宝颗粒
儿肤康搽剂
儿感清口服液
儿感退热宁颗粒
儿感退热宁口服液
儿康宁糖浆
儿科七厘散
儿咳糖浆
儿脾醒颗粒
儿童复方氨酚肾素
儿童感热清丸
儿童回春颗粒
儿童回春丸
儿童咳颗粒
儿童咳液
儿童七珍丸
儿童清肺口服液
儿童清肺丸
儿童清热导滞丸
儿童清热口服液
儿童清咽解热口服液
儿童维D钙
儿泻康贴膜
儿泻停颗粒
儿泻止颗粒
儿滞灵颗粒
耳聋胶囊
耳聋片
耳聋通窍丸
耳聋丸
耳聋左慈丸
耳炎药膏
耳炎液
尔可平糖浆
二丙酸倍他米松
二陈合剂
二陈丸
二氮嗪
二丁胶囊
二丁颗粒
二丁片
二丁酰环磷腺苷钙
二冬膏
二氟尼柳
二甲硅油
二甲双胍格列本脲
二甲双胍格列本脲(I)
二甲双胍格列本脲(Ⅰ)
二甲双胍格列本脲(Ⅱ)
二甲双胍格列本脲Ⅰ
二甲双胍格列齐特
二甲双胍格列吡嗪
二甲双胍格列吡嗪(Ⅱ)
二甲双胍马来酸罗格列酮
二甲双胍维格列汀(II)
二甲双胍维格列汀(III)
二磷酸果糖
二硫化硒
二氯丙嗪
二氯醋酸二异丙胺
二氯乙酸二异丙胺
二妙丸
二母安嗽片
二母安嗽糖浆
二母安嗽丸
二母宁嗽颗粒
二母宁嗽口服液
二母宁嗽片
二母宁嗽丸
二十八味补肾胶囊
二十八味补肾口服液
二十八味槟榔丸
二十二醇
二十九味能消散
二十六味通经胶囊
二十六味通经散
二十七味定坤丸
二十味沉香丸
二十味肉豆蔻丸
二十味肉寇丸
二十味疏肝胶囊
二十五味阿魏胶囊
二十五味阿魏散
二十五味大汤丸
二十五味儿茶丸
二十五味肺病胶囊
二十五味肺病丸
二十五味鬼臼丸
二十五味驴血胶囊
二十五味驴血丸
二十五味绿绒蒿胶囊
二十五味绿绒蒿丸
二十五味马宝丸
二十五味珊瑚胶囊
二十五味珊瑚丸
二十五味松石丸
二十五味余甘子丸
二十五味珍珠片
二十五味珍珠丸
二十五味獐牙菜丸
二十五味竺黄散
二十一味寒水石散
二天油
二维钙赖氨酸
二维葡钙
二维葡磷钙
二维葡醛内酯
二维三七桂利嗪
二维四环素甲氧苄啶
二维亚铁
二维鱼肝油
二维呋喃唑酮
二夏清心片
二仙膏
二仙口服液
二仙丸
二盐酸奎宁
二氧丙嗪苯丙哌林
二乙基二硫代氨基甲酸钠
二乙酰氨乙酸乙二胺
二乙酰氨乙酸乙二胺氯化钠
二乙酰氨乙酸乙二胺葡萄糖
二益丸
二至丸
二至益元酒
二巯丙醇
二巯丙磺钠
二巯丁二钠
二巯丁二酸
二溴甘露醇
二羟丙茶碱
二羟丙茶碱氯化钠
二羟丙茶碱葡萄糖
二羟二丁基醚
发汗解热丸
伐昔洛韦
法半夏罗汉果川贝枇杷膏
法半夏枇杷膏
法可林
法罗培南钠
法落海片
法莫替丁
法莫替丁钙镁
法莫替丁氯化钠
法莫替丁葡萄糖
番泻叶颗粒
矾藤痔注射液
返魂草颗粒
泛硫乙胺
泛酸钙
泛昔洛韦
泛影葡胺
泛影酸钠
防参止痒颗粒
防风通圣颗粒
防风通圣丸
防己关节丸
防衰益寿丸
防芷鼻炎片
放射性碘[125I]化钠
放射性胶体金[198Au]
放线菌素D
非布丙醇
非布司他
非洛地平
非洛地平(Ⅱ)
非那雄胺
非尼拉敏萘甲唑啉
非诺贝特
非诺贝特(Ⅱ)
非诺贝特(Ⅲ)
非诺洛芬钙
非诺维林
非普拉宗
非洲臀果木提取物
非洲臀果木提取物胶囊
飞龙夺命丸
飞扬肠胃炎胶囊
飞扬肠胃炎片
飞鹰活络油
肥儿宝颗粒
肥儿滴丸
肥儿口服液
肥儿片
肥儿散
肥儿糖浆
肥儿丸
肥儿疳积颗粒
肺安片
肺毒清片
肺结核丸
肺力咳合剂
肺力咳胶囊
肺宁分散片
肺宁胶囊
肺宁颗粒
肺宁口服液
肺宁片
肺宁丸
肺气肿片
肺热普清散
肺泰胶囊
肺心片
肺心夏治胶囊
肺炎球菌多糖疫苗
芬布芬
芬太尼
酚氨咖敏
酚磺酞
酚磺乙胺
酚磺乙胺氯化钠
酚磺乙胺葡萄糖
酚咖颗粒
酚咖麻敏
酚咖片
酚麻美敏
酚麻美敏(成人用)
酚麻美软胶囊
酚美愈伪麻
酚明伪麻
酚酞
分清五淋丸
粉尘螨
奋乃静
封髓丸
枫荷除痹酊
枫香脂十味丸
枫苓合剂
枫蓼肠胃康滴丸
枫蓼肠胃康分散片
枫蓼肠胃康合剂
枫蓼肠胃康胶囊
枫蓼肠胃康颗粒
枫蓼肠胃康口服液
枫蓼肠胃康片
枫蓼肠胃康软胶囊
蜂参益气锭
蜂毒
蜂皇胎胶囊
蜂胶
蜂胶口腔膜
蜂胶牙泰
蜂胶牙痛酊
蜂蜡素胶囊
蜂蜜
风寒感冒颗粒
风寒感冒宁颗粒
风寒骨痛丸
风寒咳嗽颗粒
风寒咳嗽丸
风寒砂熨剂
风寒双离拐胶囊
风寒双离拐片
风寒止痛膏
风梅颗粒
风茄平喘膏
风热感冒颗粒
风热咳嗽胶囊
风热咳嗽丸
风热清口服液
风伤止痛膏
风湿安泰片
风湿痹康胶囊
风湿痹痛药酒
风湿跌打酊
风湿定胶囊
风湿定片
风湿尔康气雾剂
风湿二十五味丸
风湿福音丸
风湿骨康片
风湿骨痛胶囊
风湿骨痛颗粒
风湿骨痛片
风湿骨痛丸
风湿关节酒
风湿关节炎片
风湿关节炎丸
风湿寒痛片
风湿酒
风湿灵胶囊
风湿灵片
风湿灵仙液
风湿马钱片
风湿宁药酒
风湿喷雾剂
风湿塞隆胶囊
风湿圣药胶囊
风湿痛药酒
风湿药丸
风湿液
风湿镇痛膏
风湿镇痛丸
风湿止痛丸
风湿止痛药酒
风湿追风膏
风湿豨桐片
风湿祛痛胶囊
风痛安胶囊
风痛灵
风痛宁片
风痛片
风痛丸
风痛药酒
风油精
风疹减毒活疫苗
风疹减毒活疫苗(人二倍体细胞)
风疹减毒活疫苗(兔肾细胞)
冯了性风湿跌打药酒
佛山人参再造丸
夫西地酸
夫西地酸钠
肤疾洗剂
肤净康洗剂
肤康搽剂
肤舒止痒膏
肤疡散
肤氧颗粒
肤痒胶囊
肤痒颗粒
肤阴洁
肤阴洁液
肤痔清软膏
肤芩洗剂
肤芪止痒洗剂
肤螨灵软膏
扶芳参芪口服液
扶元口服液
扶正补血颗粒
扶正固本颗粒
扶正和胃合剂
扶正化瘀胶囊
扶正化瘀片
扶正康颗粒
扶正女贞素片
扶正散结合剂
扶正养生丸
扶正养阴丸
辐照血
氟[18F]脱氧葡糖
氟[18F]脱氧葡萄糖
氟胞嘧啶
氟胞嘧啶氯化钠
氟比洛芬
氟比洛芬酯
氟伐他汀钠
氟芬那酸
氟芬那酸丁酯
氟奋乃静癸酸酯
氟化钠甘油
氟甲松龙
氟康唑
氟康唑氯化钠
氟康唑葡萄糖
氟氯西林钠
氟氯西林钠阿莫西林
氟罗沙星
氟罗沙星甘露醇
氟罗沙星葡萄糖
氟马西尼
氟米龙
氟尿嘧啶
氟尿嘧啶氯化钠
氟尿嘧啶葡萄糖
氟轻松维B6
氟他胺
氟替卡松沙美特罗
氟维司群
氟西泮
氟氧头孢钠
氟哌利多
氟哌酸
氟哌啶
氟哌啶醇
氟哌噻吨
氟哌噻吨癸酸酯
氟哌噻吨美利曲辛
氟脲苷
伏格列波糖
伏立康唑
福多司坦
福尔可定
福康片
福美坦
福莫司汀
福氏、宋内氏痢疾双价活疫苗
福寿草片
福寿胶囊
福辛普利钠
福字阿胶
辅康艾颗粒
辅酶(Ⅰ)
辅酶A
辅酶Q10
辅酶Q10氯化钠
斧标驱风油
斧标正红花油
腐植酸钠颗粒
腐植酸钠片
复方α-酮酸
复方β-胡萝卜素
复方阿苯达唑
复方阿胶补血膏
复方阿胶补血颗粒
复方阿胶浆
复方阿胶胶囊
复方阿胶颗粒
复方阿米三嗪
复方阿米三嗪萝巴新
复方阿司匹林
复方阿司匹林牛磺酸
复方阿替卡因制剂
复方阿托品麻黄碱
复方阿魏酸钠阿司匹林
复方阿嗪米特
复方矮地茶胶囊
复方矮地茶片
复方氨苯蝶啶
复方氨茶碱
复方氨茶碱暴马子
复方氨酚苯海拉明
复方氨酚穿心莲
复方氨酚甲麻
复方氨酚美沙
复方氨酚那敏
复方氨酚葡锌
复方氨酚肾素
复方氨酚烷胺
复方氨酚愈敏
复方氨酚溴敏
复方氨基比林
复方氨基比林茶碱
复方氨基丁酸维E
复方氨基酸
复方氨基酸(14AA)
复方氨基酸(14AA-SF)
复方氨基酸(15)双肽(2)
复方氨基酸(15AA)
复方氨基酸(15HBC)
复方氨基酸(17AA)
复方氨基酸(17AA-Ⅰ)
复方氨基酸(17AA-Ⅲ)
复方氨基酸(18-B)
复方氨基酸(18AA)
复方氨基酸(18AA-N)
复方氨基酸(18AA-Ⅰ)
复方氨基酸(18AA-Ⅱ)
复方氨基酸(18AA-Ⅲ)
复方氨基酸(18AA-Ⅳ)
复方氨基酸(18AA-Ⅴ)
复方氨基酸(18AA-Ⅴ-SF)
复方氨基酸(18AA-Ⅶ)
复方氨基酸(18AA-Ⅸ)
复方氨基酸(19AA-Ⅰ)
复方氨基酸(20AA)
复方氨基酸(3AA)
复方氨基酸(6AA)
复方氨基酸(8)维生素(11)
复方氨基酸(8-11)
复方氨基酸(9AA)
复方氨基酸脂质
复方氨基酸螯合钙
复方氨基乙磺酸
复方氨基嘌呤
复方氨林巴比妥
复方氨敏狗仔花
复方氨敏虎杖
复方氨维
复方氨肽素
复方安息香酊
复方八维甲睾酮
复方白带丸
复方白头翁胶囊
复方白头翁片
复方白芷酊
复方百部止咳冲剂
复方百部止咳颗粒
复方百部止咳糖浆
复方斑蝥胶囊
复方板蓝根胶囊
复方板蓝根颗粒
复方板蓝根口服液
复方板蓝根片
复方半边莲注射液
复方半夏片
复方半夏止咳糖浆
复方薄荷
复方薄荷柳酯
复方薄荷脑
复方薄荷樟脑油
复方薄樟桉油
复方保泰松鸡血藤
复方北豆根氨酚那敏
复方北五味子片
复方贝母氯化铵
复方贝母片
复方倍氯米松新霉素
复方倍氯米松樟脑
复方倍他米松
复方苯巴比妥溴化钠
复方苯海拉明
复方苯海拉明克罗米通
复方苯海拉明麻黄碱
复方苯甲酸
复方苯硝那敏
复方苯佐卡因
复方苯佐卡因(Ⅱ)
复方鼻炎膏
复方鳖甲软肝片
复方别嘌醇
复方丙谷胺
复方丙谷胺西咪替丁
复方丙酸氯倍他索
复方菠萝蛋白酶
复方补骨脂颗粒
复方布洛芬
复方布洛伪麻
复方参子洗剂
复方参芪维E
复方藏红花油
复方草决明茶
复方草珊瑚含片
复方草玉梅含片
复方茶丹片
复方茶碱
复方茶碱甲麻黄碱
复方茶碱麻黄碱
复方茶酮
复方柴胡安神颗粒
复方柴胡注射液
复方陈香胃片
复方虫草补肾口服液
复方虫草口服液
复方虫草养血颗粒
复方川贝精
复方川贝精胶囊
复方川贝精颗粒
复方川贝精片
复方川贝母片
复方川贝清喉喷雾剂
复方川贝止咳糖浆
复方川归酊
复方川芎胶囊
复方川芎片
复方川芎吲哚美辛
复方川芎酊
复方穿心莲
复方穿心莲片
复方垂盆草胶囊
复方垂盆草颗粒
复方垂盆草糖浆
复方春砂颗粒
复方雌二醇
复方雌孕
复方雌孕/结合雌激素
复方雌孕Ⅲ
复方刺五加颗粒
复方刺五加硫胺
复方刺五加片
复方刺五加温肾胶囊
复方次没食子酸铋
复方次没食子酸铋Ⅱ
复方次硝酸铋
复方醋酸地塞米松
复方醋酸氟轻松
复方醋酸环丙孕酮
复方醋酸甲地孕酮
复方醋酸甲羟孕酮
复方醋酸氯己定
复方醋酸棉酚
复方醋酸钠
复方醋酸钠林格
复方醋酸曲安奈德
复方醋酸曲安西龙
复方达克罗宁薄荷
复方大红袍止血胶囊
复方大红袍止血片
复方大黄酊
复方大青叶合剂
复方大青叶颗粒
复方大青叶栓
复方大青叶注射液
复方大蒜油胶囊
复方丹参肠溶胶囊
复方丹参滴丸
复方丹参含片
复方丹参胶囊
复方丹参颗粒
复方丹参口服液
复方丹参喷雾剂
复方丹参片
复方丹参气雾剂
复方丹参软胶囊
复方丹参丸
复方丹茵膏
复方丹栀颗粒
复方丹蛭片
复方单硝酸异山梨酯
复方胆氨
复方胆通胶囊
复方胆通片
复方蛋氨酸胆碱
复方当归亚铁
复方当归注射液
复方党参片
复方地巴唑氢氯噻嗪
复方地芬诺酯
复方地黄补肾酒
复方地锦胶囊
复方地龙胶囊
复方地龙片
复方地塞米松
复方地舍平
复方地西泮
复方地茯口服液
复方地蒽酚
复方地喹氯铵
复方蒂达胶囊
复方颠茄氢氧化铝
复方颠茄碳酸氢钠
复方颠茄维B6
复方颠茄铋镁
复方滇鸡血藤膏
复方碘
复方碘苷
复方电解质
复方电解质(Ⅱ)
复方电解质葡萄糖-M3A
复方电解质葡萄糖-M3B
复方电解质葡萄糖-R4A
复方电解质葡萄糖MG3
复方电解质葡萄糖R2A
复方电解质葡萄糖－M3A
复方电解质葡萄糖－M3B
复方淀粉酶
复方丁香开胃贴
复方丁香罗勒
复方丁香罗勒油
复方东莨菪碱
复方冬凌草含片
复方豆蔻碱式硝酸铋
复方独活吲哚美辛
复方杜鹃片
复方杜仲扶正合剂
复方杜仲健骨颗粒
复方杜仲胶囊
复方杜仲片
复方杜仲强腰酒
复方杜仲丸
复方杜仲壮腰胶囊
复方对乙酰氨基酚
复方对乙酰氨基酚(Ⅱ)
复方对乙酰氨基酚金银花
复方多维元素(23)
复方多粘菌素B
复方儿茶
复方二甲双胍格列吡嗪
复方二氯醋酸二异丙胺
复方二氧丙嗪茶碱
复方二氧化钛
复方泛影葡胺
复方酚咖伪麻
复方酚苄明
复方蜂王精胶囊
复方风湿搽剂
复方风湿宁胶囊
复方风湿宁颗粒
复方风湿宁片
复方风湿宁注射液
复方风湿药酒
复方凤胆
复方扶芳藤合剂
复方扶芳藤胶囊
复方氟米松
复方氟尿嘧啶
复方氟轻松尿素
复方福尔可定
复方甘氨酸茶碱
复方甘草
复方甘草铝镁
复方甘草氯化铵
复方甘草麻黄碱
复方甘草片
复方甘草酸单铵
复方甘草酸单铵S
复方甘草酸单铵S氯化钠
复方甘草酸单铵S葡萄糖
复方甘草酸苷
复方甘草酸铵
复方甘草浙贝氯化铵
复方甘菊利多卡因
复方甘露醇
复方甘油
复方甘铋镁
复方肝病用氨基酸
复方肝浸膏
复方肝水解物
复方肝素钠二甲亚砜
复方肝素钠尿囊素
复方肝炎颗粒
复方感冒胶囊
复方感冒灵胶囊
复方感冒灵颗粒
复方感冒灵片
复方感冒片
复方岗松洗液
复方岗松止痒洗液
复方岗稔片
复方高山红景天口服液
复方高滋斑片
复方葛根氢氯噻嗪
复方蛤青胶囊
复方蛤青片
复方蛤青注射液
复方蛤蚧口服液
复方庚酸炔诺酮
复方公英胶囊
复方公英片
复方钩藤片
复方骨肽
复方谷氨酰胺
复方瓜子金含片
复方瓜子金胶囊
复方瓜子金颗粒
复方瓜子金片
复方贯众阿司匹林
复方果糖二磷酸钙
复方过碳酸钠
复方过氧化氢
复方海狗肾口服液
复方海龙口服液
复方海蛇胶囊
复方海蛇酊
复方和血丸
复方黑羊胎口服液
复方黑蚁健肾酒
复方红豆杉胶囊
复方红根草片
复方红霉素
复方红曲口服制剂
复方红衣补血口服液
复方猴头胶囊
复方猴头颗粒
复方虎杖氨敏
复方虎杖片
复方虎杖烧伤油
复方花粉调脂胶囊
复方花粉舒肝口服液
复方槐花胶囊
复方环磷酰胺
复方黄柏液
复方黄柏液涂剂
复方黄柏祛癣搽剂
复方黄连素片
复方黄松湿巾
复方黄松洗液
复方黄藤洗液
复方黄体酮
复方黄芩含漱液
复方黄芩片
复方黄芪健脾口服液
复方黄芪口服液
复方黄芪益气口服液
复方黄黛片
复方磺胺对甲氧嘧啶
复方磺胺甲噁唑
复方磺胺甲恶唑
复方磺胺间甲氧嘧啶
复方磺胺氧化锌
复方磺胺嘧啶
复方磺胺嘧啶锌
复方磺胺脒
复方灰黄霉素
复方活脑舒胶囊
复方积雪草片
复方鸡骨草胶囊
复方鸡内金片
复方鸡血藤膏
复方吉祥草含片
复方己酸羟孕酮
复方甲苯咪唑
复方甲地孕酮
复方甲基麻黄碱
复方甲麻
复方甲硝唑
复方甲氧那明
复方间苯二酚
复方间苯二酚苯酚
复方间苯二酚水杨酸
复方碱式硝酸铋
复方降压片
复方降脂胶囊
复方降脂片
复方角菜酸酯
复方酵母碳酸铋
复方桔梗氯化铵
复方桔梗麻黄碱
复方桔梗麻黄碱(Ⅱ)
复方桔梗片
复方桔梗远志麻黄碱(Ⅰ)
复方桔梗止咳片
复方桔梗枇杷
复方金凤搽剂
复方金刚烷胺氨基比林
复方金黄连颗粒
复方金黄连糖浆
复方金连胶囊
复方金连颗粒
复方金蒲胶囊
复方金蒲片
复方金钱草颗粒
复方金钱草清热颗粒
复方金银花冲剂
复方金银花颗粒
复方荆芥熏洗剂
复方救必应胶囊
复方菊花颗粒
复方聚维酮碘
复方聚乙二醇电解质
复方聚乙二醇电解质(Ⅰ)
复方聚乙二醇电解质(Ⅱ)
复方聚乙二醇电解质(Ⅳ)
复方聚乙二醇电解质（Ⅲ）
复方决明胶囊
复方决明片
复方咖磷
复方卡比多巴
复方卡力孜然酊
复方卡托普利
复方咳喘胶囊
复方可待因
复方克罗米通
复方克霉唑
复方克霉唑Ⅱ
复方苦参肠炎康片
复方苦参水杨酸
复方苦参水杨酸散剂
复方苦参洗剂
复方苦参注射液
复方苦木消炎分散片
复方苦木消炎胶囊
复方苦木消炎片
复方奎宁
复方辣椒
复方辣椒碱
复方赖氨酸
复方蓝花柴胡颗粒
复方蓝棕果
复方勒马回颗粒
复方雷尼替丁
复方梨膏
复方梨汁润肺茶
复方利多卡因
复方利血平
复方利血平氨苯蝶啶
复方利血平氢氯噻嗪
复方联苯双酯
复方联苯苄唑
复方莲芯口服液
复方莲心口服液
复方两面针含片
复方两面针漱齿液
复方亮氨酸
复方亮氨酸(3AA)
复方磷霉素
复方磷酸可待因
复方磷酸可待因Ⅱ
复方磷酸可待因Ⅲ
复方磷酸氢钠
复方磷酸萘酚喹
复方磷酸哌喹
复方羚角降压胶囊
复方羚角降压片
复方灵芝安神口服液
复方灵芝冲剂
复方灵芝健脑胶囊
复方灵芝颗粒
复方灵芝片
复方灵芝糖浆
复方硫黄乳膏
复方硫酸氢黄连素
复方硫酸氢小檗碱
复方硫酸软骨素
复方硫酸沙丁胺醇
复方硫酸双肼屈嗪
复方硫酸锌
复方硫酸新霉素
复方硫酸亚铁
复方硫酸亚铁叶酸
复方柳安咖
复方柳菊胶囊
复方柳菊颗粒
复方柳菊片
复方柳唑
复方龙胆碳酸氢钠
复方龙胆酊
复方龙脑樟脑油
复方龙血竭胶囊
复方陇马陆胃药片
复方芦丁
复方芦笋合剂
复方芦荟胶囊
复方芦荟片
复方芦荟维U
复方炉甘石
复方炉甘石外用散
复方鹿茸健骨胶囊
复方鹿茸酒
复方鹿仙草胶囊
复方鹿仙草颗粒
复方鹿仙草片
复方铝酸铋
复方氯丙那林鱼腥草素钠
复方氯丙那林溴己新
复方氯化钾
复方氯化钠
复方氯化钠(Ⅱ)
复方氯己定
复方氯己定达克罗宁
复方氯己定地塞米松
复方氯己定甲硝唑
复方氯解磷定
复方氯雷他定
复方氯雷他定(Ⅱ)
复方氯霉素
复方氯乙烷
复方氯唑沙宗
复方罗布麻
复方罗布麻(I)
复方罗布麻(Ⅱ)
复方罗布麻Ⅰ
复方罗布麻颗粒
复方罗布麻片
复方罗汉果含片
复方罗汉果清肺颗粒
复方罗汉果清肺糖浆
复方罗汉果止咳颗粒
复方罗汉果止咳片
复方骆驼蓬子软膏
复方麻黄碱
复方麻黄碱色甘酸钠
复方麻黄喷鼻散
复方蚂蚁活络胶囊
复方蚂蚁胶囊
复方蚂蚁养肝胶囊
复方蚂蚁壮骨酒
复方马勃水杨酸
复方马其通胶囊
复方马缨丹片
复方满山白颗粒
复方满山白糖浆
复方满山红胶囊
复方满山红糖浆
复方曼陀罗药水
复方毛冬青氯贝酸铝
复方梅笠草片
复方美替洛尔
复方门冬维甘
复方米非司酮
复方灭活白葡萄球菌
复方明矾布比卡因
复方明胶纤维
复方木鸡合剂
复方木鸡颗粒
复方木麻黄胶囊
复方木麻黄片
复方木尼孜其颗粒
复方木香铝镁
复方木香小檗碱
复方木芙蓉涂鼻膏
复方南板蓝根胶囊
复方南板蓝根颗粒
复方南板蓝根片
复方南瓜养阴散
复方南五加口服液
复方南星止痛膏
复方脑蛋白水解物
复方脑肽节苷脂
复方尿囊素
复方尿维氨
复方牛黄清胃丸
复方牛黄消炎胶囊
复方牛磺酸
复方牛胎肝提取物
复方诺氟沙星
复方胚肝铁铵
复方硼砂
复方皮维碘
复方片仔癀含片
复方片仔癀软膏
复方片仔癀痔疮软膏
复方平贝口服液
复方葡萄糖酸钙
复方蒲公英注射液
复方蒲芩胶囊
复方蒲芩片
复方普鲁卡因
复方普鲁卡因苯甲酸
复方普萘洛尔咖啡因
复方七叶皂苷钠
复方气管炎胶囊
复方气管炎片
复方牵正膏
复方蔷薇红景天口服液
复方青果颗粒
复方青蒿安乃近
复方青蒿搽剂
复方青蒿喷雾剂
复方青橄榄利咽含片
复方青黛胶囊
复方青黛片
复方青黛丸
复方氢化可的松胶布
复方氢化可的松新霉素
复方氢氧化铝
复方氢氧化铝镁
复方氢溴酸东莨菪碱
复方氢溴酸右美沙芬
复方清带灌注液
复方清带散
复方庆大霉素
复方庆大霉素普鲁卡因
复方庆大霉素普鲁卡因维B12
复方曲安奈德
复方曲安缩松霜
复方曲马多
复方曲尼司特
复方曲肽
复方驱虫斑鸠菊丸
复方拳参片
复方炔雌醇
复方炔雌醇甲羟孕酮
复方炔诺酮
复方炔诺孕酮
复方热敷散
复方人参间苯二酚
复方人参益肾胶囊
复方忍冬藤阿司匹林
复方忍冬野菊感冒片
复方乳酸
复方乳酸钠
复方乳酸钠葡萄糖
复方乳酸钠山梨醇
复方塞隆胶囊
复方塞隆片
复方三氯叔丁醇
复方三七补血胶囊
复方三七补血片
复方三七冻疮软膏
复方三七胶囊
复方三七口服液
复方三七片
复方三七丸
复方三维B
复方三维B(Ⅱ)
复方三维亚铁
复方三维亚油酸
复方三维亚油酸(Ⅰ)
复方三维亚油酸(Ⅱ)
复方三维右旋泛酸钙
复方三氧化二砷
复方三叶香茶菜片
复方三嗪芦丁
复方桑菊感冒胶囊
复方桑菊感冒颗粒
复方桑菊感冒片
复方桑椹合剂
复方沙芬那敏
复方沙棘籽油栓
复方珊瑚姜尿素咪康唑
复方山金车花
复方山莨菪碱
复方伤复宁膏
复方伤痛胶囊
复方蛇胆陈皮末
复方蛇胆川贝末
复方蛇胆川贝散
复方蛇胆清热搽剂
复方蛇油烫伤膏
复方蛇脂软膏
复方伸筋胶囊
复方肾炎片
复方十一烯酸锌
复方十一烯酸锌曲安奈德
复方石淋通胶囊
复方石淋通片
复方石榴皮小檗碱
复方石韦胶囊
复方石韦咀嚼片
复方石韦颗粒
复方石韦片
复方石菖蒲碱式碳酸铋
复方石菖蒲碱式硝酸铋
复方石斛片
复方嗜酸乳杆菌
复方手参丸
复方手参益智胶囊
复方首乌补液
复方首乌地黄丸
复方首乌口服液
复方双花咀嚼片
复方双花颗粒
复方双花口服液
复方双花片
复方双花糖浆
复方双花藤止痒搽剂
复方双金痔疮膏
复方双氯芬酸钠
复方双氢青蒿素
复方双炔失碳酯
复方双嗪利血平
复方双肼屈嗪
复方水杨酸
复方水杨酸苯胺甲酯
复方水杨酸苯甲酸
复方水杨酸苯甲酸(Ⅰ)
复方水杨酸冰片
复方水杨酸甲酯
复方水杨酸甲酯薄荷醇
复方水杨酸甲酯薄荷脑油
复方水杨酸甲酯苯海拉明
复方水杨酸樟碘(Ⅰ)
复方水杨酸樟碘(Ⅱ)
复方斯亚旦生发油
复方斯亚旦生发酊
复方四环素
复方四环素泼尼松
复方四季青片
复方四维女贞子
复方四嗪利血平
复方松醇那敏
复方松茸胶囊
复方酸藤消痔胶囊
复方锁阳口服液
复方胎盘片
复方太子参颗粒
复方太子参口服液
复方太子参止咳益气散
复方碳酸钙
复方碳酸氢钠
复方碳酸氢钠颠茄
复方藤果痔疮栓
复方天麻胶囊
复方天麻颗粒
复方天麻蜜环菌
复方天麻蜜环糖肽
复方天麻片
复方天麻益阴酒
复方天仙胶囊
复方田七胃痛胶囊
复方田七胃痛片
复方铁苋止血粉
复方桐叶烧伤油
复方酮康唑
复方头孢克洛
复方透骨香乳膏
复方土荆皮凝胶
复方土荆皮酊
复方土槿皮
复方土槿皮酊
复方托吡卡胺
复方妥布霉素
复方妥洛特罗
复方妥英麻黄茶碱
复方妥英麻黄碱
复方万年青胶囊
复方王不留行
复方维A酸
复方维U颠茄铋铝
复方维U颠茄铋镁
复方维生素(4)
复方维生素B
复方维生素B12
复方维生素B12II号
复方维生素B12Ⅰ号
复方维生素B2
复方维生素C钠
复方维生素U
复方维生素（3）
复方伪麻黄碱
复方胃蛋白酶
复方胃膜素
复方胃宁胶囊
复方胃宁片
复方胃痛胶囊
复方乌鸡胶囊
复方乌鸡颗粒
复方乌鸡口服液
复方乌鸡丸
复方乌梅祛暑颗粒
复方乌槟颗粒
复方乌鳢口服液
复方无花果含片
复方五倍子水杨酸
复方五仁醇胶囊
复方五味子
复方五味子糖浆
复方五味子酊
复方五指柑胶囊
复方五指柑片
复方戊酸雌二醇
复方西羚解毒胶囊
复方西羚解毒片
复方西羚解毒丸
复方西吡氯铵
复方西咪替丁
复方溪黄草颗粒
复方喜树碱
复方夏枯草膏
复方夏枯草降压颗粒
复方夏枯草降压糖浆
复方夏天无片
复方仙鹤草肠炎胶囊
复方仙鹤草肠炎片
复方仙灵风湿酒
复方仙灵脾酒
复方仙茅补肾口服液
复方鲜石斛胶囊
复方鲜石斛颗粒
复方鲜竹沥液
复方香薷水
复方硝酸
复方硝酸戊四醇酯
复方硝酸益康唑
复方硝酸咪康唑
复方消化酶
复方消化酶(Ⅱ)
复方消食茶
复方消食颗粒
复方消旋山莨菪碱
复方消痔栓
复方小儿退热栓
复方小活络丸
复方小檗碱鞣酸蛋白
复方锌布
复方锌铁钙
复方新霉素
复方新霉素多粘菌素
复方新斯的明牛磺酸
复方杏香兔耳风胶囊
复方杏香兔耳风颗粒
复方杏香兔耳风口服液
复方杏香兔耳风片
复方雄蛾强肾胶囊
复方雄蛾益精口服液
复方雄蛾益阳胶囊
复方雄蛾益阳口服液
复方熊胆薄荷
复方熊胆滴眼液
复方熊胆清肝颗粒
复方熊胆通鼻喷雾剂
复方熊胆乙肝胶囊
复方续断接骨丸
复方玄驹胶囊
复方玄驹益气片
复方雪参胶囊
复方雪胆呋喃唑酮
复方雪莲胶囊
复方雪莲软胶囊
复方雪莲烧伤膏
复方血栓通滴丸
复方血栓通胶囊
复方血栓通颗粒
复方血栓通片
复方血栓通软胶囊
复方血藤药酒
复方牙痛宁搽剂
复方牙痛酊
复方亚油酸钙
复方亚油酸乙酯
复方盐酸阿米洛利
复方盐酸阿替卡因
复方盐酸甲麻黄碱
复方盐酸金刚烷胺
复方盐酸克仑特罗
复方盐酸赖氨酸
复方盐酸雷尼替丁
复方盐酸利多卡因
复方盐酸氯丙嗪
复方盐酸麻黄碱
复方盐酸普鲁卡因
复方盐酸赛克力嗪
复方盐酸伪麻黄碱
复方盐酸异丙肾上腺素
复方盐酸萘甲唑林
复方盐酸羟苄利明
复方岩白菜素
复方岩白菜素片
复方岩连片
复方延胡索喷雾剂
复方延胡索氢氧化铝
复方羊肝丸
复方羊角胶囊
复方羊角颗粒
复方羊角片
复方羊胎盘补肾口服液
复方洋参王浆胶囊
复方洋参止咳胶囊
复方氧化锌
复方氧化锌水杨酸
复方野菊感冒颗粒
复方野马追颗粒
复方野马追糖浆
复方叶酸
复方一枝黄花喷雾剂
复方一枝蒿颗粒
复方一枝蒿片
复方依那普利
复方胰酶
复方乙胺嘧啶
复方乙酰水杨酸
复方益肝灵胶囊
复方益肝灵片
复方益肝灵软胶囊
复方益肝丸
复方益康唑氧化锌
复方益母草膏
复方益母草胶囊
复方益母草流浸膏
复方益母胶囊
复方益母颗粒
复方益母口服液
复方益母片
复方益母养肾口服液
复方益智补肾口服液
复方异丙托溴铵
复方茵陈糖浆
复方银耳鱼肝油
复方银花解毒颗粒
复方银翘氨酚维C
复方银翘氨敏
复方银杏通脉口服液
复方银杏叶颗粒
复方银杏叶提取物
复方银杏叶萃取物
复方淫羊藿口服液
复方营养剂
复方右旋糖酐40
复方右旋糖酐70
复方余甘子利咽含片
复方鱼肝油氧化锌
复方鱼腥草滴丸
复方鱼腥草合剂
复方鱼腥草胶囊
复方鱼腥草颗粒
复方鱼腥草片
复方鱼腥草软胶囊
复方鱼腥草糖浆
复方愈创蓝油烃
复方愈创木酚磺酸钾
复方愈酚麻黄
复方愈酚喷托那敏
复方元胡止痛胶囊
复方元胡止痛片
复方孕二烯酮
复方枣仁胶囊
复方皂矾胶囊
复方皂矾片
复方皂矾丸
复方樟薄软膏
复方樟柳碱
复方樟脑
复方樟脑软膏
复方珍珠暗疮胶囊
复方珍珠暗疮片
复方珍珠解毒口服液
复方珍珠口疮颗粒
复方珍珠口服液
复方珍珠散
复方支链氨基酸
复方止咳胶囊
复方止咳片
复方重楼酊
复方追风膏
复方滋补力膏
复方紫参颗粒
复方紫草气雾剂
复方紫草油
复方紫荆皮水杨酸
复方紫荆消伤巴布膏
复方紫龙
复方紫苏油软胶囊
复方祖司麻止痛膏
复方左炔诺孕酮
复方左炔诺孕酮(三相)
复方芙蓉泡腾栓
复方芙蓉叶酊
复方苁蓉补肾合剂
复方苁蓉胶囊
复方苁蓉益智胶囊
复方芩兰口服液
复方荜茇止痛胶囊
复方莪术油
复方莪术油软胶囊
复方萘甲唑林
复方萘普生
复方萘维新
复方菝葜颗粒
复方蒿甲醚
复方藿香片
复方呋塞米
复方呋喃西林
复方吡拉西坦
复方吡拉西坦脑蛋白水解物
复方吲哚美辛
复方吲哚美辛达克罗宁
复方噻吗洛尔
复方溴丙胺太林
复方溴丙胺太林铝镁
复方溴咖
复方杞草胶囊
复方枇杷氯化铵
复方枇杷喷托维林
复方枇杷糖浆
复方枇杷叶膏
复方枇杷止咳颗粒
复方枳实片
复方栀子膏
复方栀子气雾剂
复方栀子止痛膏
复方枸杞颗粒
复方枸杞子膏
复方枸杞子胶囊
复方枸杞子颗粒
复方枸橼酸阿尔维林
复方枸橼酸钠
复方枸橼酸喷托维林
复方枸橼酸喷托维林氯化铵
复方枸橼酸碳酸氢钠
复方枸橼酸铁铵
复方枸橼酸铋钾甲硝唑
复方榛花舒肝胶囊
复方胱氨酸
复方铋
复方鹧鸪菜散
复方蟾酥膏
复方蟾酥丸
复方羟丙茶碱去氯羟嗪
复方羟甲唑啉
复方羟卡利明
复方羟乙桂胺
复方麝香草酚
复方麝香雪莲柳酯
复方麝香注射液
复肝康胶囊
复肝康颗粒
复肝能胶囊
复肝能片
复肝宁胶囊
复肝宁颗粒
复肝宁片
复合辅酶
复合利福平
复合磷酸氢钾
复合磷酸酯酶
复合凝乳酶
复合乳酸菌
复合维生素
复合维生素B
复合维生素BC
复脉定胶囊
复脉定颗粒
复明胶囊
复明颗粒
复明片
复肾宁胶囊
复肾宁片
复生康胶囊
复生康片
复胃散胶囊
复胃散片
复心胶囊
复心片
复芪止汗颗粒
腹安颗粒
腹可安分散片
腹可安片
腹膜透析液(乳酸型)
腹膜透析液(乳酸盐)
腹膜透析液(乳酸盐)(低钙)
腹膜透析液(乳酸盐-G1.5%)
腹膜透析液(乳酸盐-G2.5%)
腹膜透析液(乳酸盐-G4.25%)
腹痛水
富马酸阿奇霉素
富马酸贝达喹啉
富马酸比索洛尔
富马酸福莫特罗
富马酸卢帕他定
富马酸氯马斯汀
富马酸替诺福韦二吡呋酯
富马酸酮替芬
富马酸托特罗定
富马酸亚铁
富马酸亚铁多库酯钠
富马酸依美斯汀
富马酸伊布利特
富马酸异丙吡仑
富马酸喹硫平
富血口服液
附桂风湿膏
附桂骨痛胶囊
附桂骨痛颗粒
附桂骨痛片
附桂紫金膏
附马开痹片
附片液
附子理中口服液
附子理中片
附子理中丸
附子理中液
妇宝金丸
妇宝颗粒
妇必舒胶囊
妇必舒阴道泡腾片
妇得康泡沫剂
妇尔爽外用胶囊
妇肤康喷雾剂
妇洁搽剂
妇洁舒洗液
妇洁阴洗液
妇康宝合剂
妇康宝煎膏
妇康宝颗粒
妇康宝口服液
妇康胶囊
妇康口服液
妇康宁胶囊
妇康宁片
妇康片
妇康栓
妇康丸
妇科白带膏
妇科白带胶囊
妇科白带片
妇科白凤胶囊
妇科白凤颗粒
妇科白凤口服液
妇科白凤片
妇科得生丸
妇科调经滴丸
妇科调经胶囊
妇科调经颗粒
妇科调经片
妇科断红饮胶囊
妇科分清丸
妇科回生丸
妇科金丹
妇科毛鸡酒
妇科宁坤丸
妇科千金胶囊
妇科千金片
妇科千金丸
妇科十味胶囊
妇科十味片
妇科万应膏
妇科养坤丸
妇科养荣胶囊
妇科养荣丸
妇科养血颗粒
妇科再造胶囊
妇科再造丸
妇科止带胶囊
妇科止带片
妇科止血灵
妇科止血灵胶囊
妇科止血灵片
妇科止痒胶囊
妇科止痒片
妇可靖胶囊
妇乐胶囊
妇乐颗粒
妇乐片
妇乐糖浆
妇良胶囊
妇良片
妇宁胶囊
妇宁康胶囊
妇宁康片
妇宁颗粒
妇宁栓
妇宁丸
妇女痛经颗粒
妇女痛经丸
妇女养血丸
妇平胶囊
妇舒丸
妇痛宁肠溶软胶囊
妇血安片
妇血康颗粒
妇炎净胶囊
妇炎净泡沫气雾剂
妇炎净片
妇炎康
妇炎康分散片
妇炎康复胶囊
妇炎康复咀嚼片
妇炎康复颗粒
妇炎康复片
妇炎康胶囊
妇炎康颗粒
妇炎康片
妇炎康软胶囊
妇炎康丸
妇炎灵胶囊
妇炎灵泡腾片
妇炎灵栓
妇炎平胶囊
妇炎平泡腾片
妇炎平散
妇炎平栓
妇炎平阴道泡腾片
妇炎清洗剂
妇炎舒胶囊
妇炎舒片
妇炎泰颗粒
妇炎消胶囊
妇炎消口服液
妇炎消泡腾片
妇阴康洗剂
妇阴舒泡腾片
妇月康胶囊
妇月康颗粒
妇月康片
嘎日迪五味胶囊
嘎日迪五味丸
钙泊三醇倍他米松
盖胃平
干酵母
干髓糊
甘氨双唑钠
甘氨酸
甘氨酸茶碱钠
甘氨酸碳酸钙
甘参胶囊
甘草浸膏
甘草流浸膏
甘草麻黄碱
甘草酸
甘草酸单钾盐
甘草酸单铵半胱氨酸氯化钠
甘草酸二钠
甘草酸二铵
甘草酸二铵氯化钠
甘草酸二铵葡萄糖
甘草酸氯丙那林
甘草酸铋
甘草甜素胶囊
甘草甜素片
甘草甜味素
甘草锌
甘果含片
甘海胃康胶囊
甘海胃康片
甘和茶
甘桔冰梅片
甘桔清咽颗粒
甘桔止咳糖浆
甘精胰岛素
甘磷酰芥
甘霖洗剂
甘露茶
甘露醇
甘露醇烟酸酯
甘露解热口服液
甘露聚糖肽
甘露六烟酯
甘露酥油丸
甘露消毒丸
甘露消渴胶囊
甘露月晶丸
甘氯林
甘罗溴铵
甘芍消渴片
甘石创愈
甘糖酯
甘油
甘油醇
甘油果糖
甘油果糖氯化钠
甘油磷酸钠
甘油氯化钠
甘芪和胃颗粒
甘珀酸钠
甘羟铝
肝宝
肝必复胶囊
肝必复软胶囊
肝畅胶囊
肝达胶囊
肝达康胶囊
肝达康颗粒
肝达康片
肝达片
肝胆清胶囊
肝胆清片
肝胆舒康胶囊
肝胆双清颗粒
肝胆双清口服液
肝得乐胶囊
肝得治胶囊
肝得治片
肝毒净颗粒
肝毒净丸
肝福颗粒
肝复康片
肝复康丸
肝复颗粒
肝复乐胶囊
肝复乐片
肝加欣胶囊
肝加欣片
肝健胶囊
肝浸膏
肝精补血素口服液
肝净注射液
肝康颗粒
肝康宁片
肝康片
肝乐欣胶囊
肝龙胶囊
肝络欣丸
肝宁胶囊
肝宁片
肝脾康胶囊
肝肾安颗粒
肝肾安糖浆
肝肾补颗粒
肝肾补糖浆
肝肾膏
肝肾康糖浆
肝肾颗粒
肝肾滋
肝舒胶囊
肝舒乐颗粒
肝舒宁颗粒
肝舒片
肝爽颗粒
肝水解肽
肝苏分散片
肝苏胶囊
肝苏颗粒
肝苏片
肝苏软胶囊
肝苏糖浆
肝苏丸
肝素钙
肝素钠
肝素钠封管
肝素钠维E
肝速康胶囊
肝速康片
肝泰颗粒
肝泰舒胶囊
肝维康片
肝胃气痛片
肝喜乐胶囊
肝喜乐颗粒
肝喜乐片
肝欣泰注射液
肝炎康复丸
肝炎灵注射液
肝友胶囊
肝郁调经膏
肝悦片
感咳双清胶囊
感冒安片
感冒滴丸
感冒胶囊
感冒解表丸
感冒解毒颗粒
感冒解毒灵颗粒
感冒解毒片
感冒解热颗粒
感冒康胶囊
感冒康片
感冒颗粒
感冒咳嗽胶囊
感冒咳嗽颗粒
感冒咳嗽片
感冒灵胶囊
感冒灵颗粒
感冒灵片
感冒片
感冒清胶囊
感冒清解颗粒
感冒清片
感冒清热胶囊
感冒清热咀嚼片
感冒清热颗粒
感冒清热口服液
感冒清热片
感冒清热软胶囊
感冒软胶囊
感冒伤风咳茶
感冒舒颗粒
感冒疏风胶囊
感冒疏风颗粒
感冒疏风片
感冒疏风丸
感冒水
感冒退热咀嚼片
感冒退热颗粒
感冒退热口服液
感冒退热泡腾片
感冒退烧片
感冒丸
感冒消炎片
感冒欣喷雾剂
感冒炎咳灵颗粒
感冒炎咳灵片
感冒炎咳灵糖浆
感冒药片
感冒止咳合剂
感冒止咳胶囊
感冒止咳颗粒
感冒止咳片
感冒止咳糖浆
感清糖浆
感速康胶囊
感速康片
感特灵胶囊
感特灵片
感通片
感愈胶囊
肛安
肛安软膏
肛安栓
肛康穆库利片
肛舒颗粒
肛泰
肛泰软膏
肛泰栓
高纯度尿促性素
高丽清心丸
高力清心丸
高锰酸钾
高三尖杉酯碱
高三尖杉酯碱氯化钠
高山红景天口服液
高渗氯化钠羟乙基淀粉40
高渗枸橼酸盐嘌呤
高渗羟乙基淀粉200/0.5氯化钠
高渗羟乙基淀粉氯化钠
高乌甲素
高乌甲素葡萄糖
高效碘
高血压速降丸
高锝[99mTc]酸钠
高锝[99mTc]酸钠(99Mo-99mTc发生器)
膏药咀
羔羊胃提取物维B12
戈洛帕米
戈那瑞林
葛根黄豆甙元
葛根素
葛根素氯化钠
葛根素葡萄糖
葛根汤合剂
葛根汤颗粒
葛根汤片
葛根芩莲片
葛根芩连胶囊
葛根芩连颗粒
葛根芩连口服液
葛根芩连片
葛根芩连丸
葛根芩连微丸
葛洪脚气水
葛兰心宁软胶囊
葛山降脂颗粒
葛酮通络胶囊
葛芪胶囊
葛芪通脉颗粒
葛蒡合剂
格拉司琼
格列本脲
格列美脲
格列齐特
格列齐特(Ⅱ)
格列齐特（Ⅱ）
格列吡嗪
格列喹酮
格隆溴铵
蛤杞白术胶囊
蛤蚧补肾胶囊
蛤蚧补肾丸
蛤蚧大补胶囊
蛤蚧大补丸
蛤蚧党参膏
蛤蚧定喘胶囊
蛤蚧定喘丸
蛤蚧养肺丸
蛤蚧治痨丸
隔山消积颗粒
铬[51Cr]酸钠
给喜古纳丸
根痛平胶囊
根痛平咀嚼片
根痛平颗粒
根痛平片
根痛平丸
更辰胶囊
更美宁胶囊
更年安胶囊
更年安片
更年安丸
更年乐胶囊
更年乐片
更年灵胶囊
更年灵片
更年宁
更年舒片
更年欣胶囊
更昔洛韦
更昔洛韦氯化钠
更昔洛韦钠
更昔洛韦钠氯化钠
更昔洛韦葡萄糖
更衣胶囊
更衣片
功劳去火胶囊
功劳去火片
宫方润肠栓
宫环养血颗粒
宫颈癌片
宫颈癌栓
宫颈炎康栓
宫瘤宁胶囊
宫瘤宁颗粒
宫瘤宁片
宫瘤清胶囊
宫瘤清颗粒
宫瘤清片
宫瘤消胶囊
宫糜膏
宫宁颗粒
宫血合剂
宫血宁胶囊
宫血停颗粒
宫炎康胶囊
宫炎康颗粒
宫炎康片
宫炎平滴丸
宫炎平分散片
宫炎平胶囊
宫炎平片
宫月舒胶囊
汞溴红
钩端螺旋体外膜疫苗
钩端螺旋体疫苗
钩端螺旋体诊断血清
钩藤决明颗粒
钩藤片
狗皮膏
狗皮膏(改进型)
古汉养生精
古汉养生精片
古汉养生颗粒
古楼山跌打酒
古楼山跌打丸
古威活络酊
骨参片
骨刺胶囊
骨刺宁胶囊
骨刺宁酒
骨刺宁片
骨刺片
骨刺平片
骨刺丸
骨刺消痛胶囊
骨刺消痛片
骨刺消痛涂膜剂
骨刺消痛液
骨刺祛痛膏
骨风宁胶囊
骨瓜提取物
骨化二醇
骨化三醇
骨健灵膏
骨筋丸
骨筋丸胶囊
骨筋丸片
骨康胶囊
骨力胶囊
骨龙胶囊
骨宁注射液
骨疏康胶囊
骨疏康颗粒
骨松宝胶囊
骨松宝颗粒
骨松宝片
骨松宝丸
骨松康合剂
骨泰酊
骨通贴膏
骨痛灵酊
骨痛丸
骨痛药酒
骨仙片
骨炎灵片
骨友灵巴布膏
骨友灵擦剂
骨友灵搽剂
骨友灵贴膏
骨愈灵胶囊
骨愈灵片
骨增生镇痛膏
骨增消胶囊
骨增消片
骨折挫伤胶囊
骨折再生丸
骨质宁搽剂
骨剌片
骨剌平片
骨苓通痹丸
骨肽
骨肽(I)
骨肽氯化钠
骨痨敌注射液
骨骼风痛胶囊
骨骼风痛片
谷氨酸
谷氨酸钾
谷氨酸钠
谷氨酸诺氟沙星
谷氨酸诺氟沙星氯化钠
谷氨酰胺
谷氨酰胺呱仑酸钠
谷丙甘氨酸
谷固醇
谷固醇达克罗宁
谷海生片
谷红
谷赖胰岛素
谷维素
谷维素双维B
谷胱甘肽
股蓝蜂花胶囊
固本回元口服液
固本咳喘胶囊
固本咳喘颗粒
固本咳喘片
固本明目颗粒
固本强身胶囊
固本统血颗粒
固本丸
固本延龄丸
固本益肠胶囊
固本益肠片
固本止咳膏
固肠胶囊
固肠止泻胶囊
固肠止泻丸
固齿散
固精补肾丸
固精参茸丸
固精麦斯哈胶囊
固精麦斯哈片
固精养元合剂
固经丸
固肾安胎丸
固肾补气散
固肾定喘丸
固肾合剂
固肾生发丸
固元胶囊
固元颗粒
固元片
瓜霜退热灵胶囊
瓜蒌皮注射液
瓜蒌片
关节风痛丸
关节解痛膏
关节克痹丸
关节炎膏
关节镇痛巴布膏
关节镇痛膏
关节止痛膏
关通舒胶囊
关通舒口服液
冠保颗粒
冠参片
冠脉康胶囊
冠脉康片
冠脉乐片
冠脉宁胶囊
冠脉宁片
冠脉通片
冠通片
冠心安滴丸
冠心安口服液
冠心保软胶囊
冠心丹参滴丸
冠心丹参胶囊
冠心丹参颗粒
冠心丹参片
冠心丹芍片
冠心膏
冠心静胶囊
冠心静片
冠心康胶囊
冠心康颗粒
冠心康片
冠心宁片
冠心宁注射液
冠心七味滴丸
冠心七味胶囊
冠心七味片
冠心生脉口服液
冠心生脉丸
冠心舒通胶囊
冠心苏合滴丸
冠心苏合胶囊
冠心苏合咀嚼片
冠心苏合软胶囊
冠心苏合丸
冠心泰丸
冠心通片
冠心丸
贯防感冒片
贯黄感冒胶囊
贯黄感冒颗粒
光明盐四味胶囊
广东凉茶
广东凉茶颗粒
广东神曲
广羚散
广枣通脉胶囊
硅碳银
归柏化瘀胶囊
归参补血片
归灵痛经宁颗粒
归龙筋骨宁片
归麻止痛膏
归脾膏
归脾合剂
归脾胶囊
归脾颗粒
归脾片
归脾丸
归脾液
归芍地黄丸
归芍调经胶囊
归芍调经片
归芍活血胶囊
归芍六君丸
归肾丸
归羊颗粒
归元健脑片
归元筋骨宁湿敷剂
归圆口服液
归芎花粉口服液
归芪补血口服液
归芪活血胶囊
归芪颗粒
归芪口服液
归芪三七口服液
归芪生血颗粒
归芪养血口服液
归芪养血糖浆
归芪养血益气口服液
归杞乌鸡胶囊
龟黄补酒
龟甲胶
龟甲胶颗粒
龟甲散
龟甲养阴片
龟胶养阴颗粒
龟龄集
龟龙中风丸
龟鹿补肾胶囊
龟鹿补肾口服液
龟鹿补肾片
龟鹿补肾丸
龟鹿二胶丸
龟鹿二仙膏
龟鹿二仙口服液
龟鹿宁神丸
龟鹿益肾胶囊
龟鹿滋肾丸
龟茸壮骨片
龟蛇酒
龟芪参口服液
龟芪壮骨颗粒
龟苓膏
鬼臼毒素
鬼臼根树脂
癸氟奋乃静
癸酸氟哌啶醇
桂附地黄胶囊
桂附地黄颗粒
桂附地黄口服液
桂附地黄片
桂附地黄丸
桂附理中丸
桂黄清热颗粒
桂利嗪
桂林西瓜霜
桂林西瓜霜(指散剂)
桂林西瓜霜含片
桂林西瓜霜胶囊
桂灵丹
桂灵胶囊
桂灵片
桂灵丸
桂龙咳喘宁胶囊
桂龙咳喘宁颗粒
桂龙咳喘宁蜜炼膏
桂龙咳喘宁片
桂龙药膏
桂龙药酒
桂龙益肾通络口服液
桂美酸
桂美辛
桂皮酊
桂蒲肾清胶囊
桂蒲肾清片
桂茸固本丸
桂茸枸杞酒
桂芍镇痫片
桂香祛暑散
桂圆琼玉冲剂
桂圆琼玉颗粒
桂枝合剂
桂枝颗粒
桂枝茯苓胶囊
桂枝茯苓片
桂枝茯苓丸
国公酒
果糖
果糖二磷酸钙
果糖二磷酸钠
果糖氯化钠
果味维生素C
果汁维生素C
过岗龙片
过氧苯甲酰
过氧化苯甲酰
过氧化氢
过氧化碳酰胺
过氧乙酸
哈敦海鲁木勒九味丸
哈敦海鲁木勒十三味丸
哈拉宗
哈日十二味散
哈西奈德
海贝胃疡胶囊
海苯酸替培啶
海丹胶囊
海甘胃片
海蛤散
海狗丸
海桂胶囊
海菊颗粒
海昆肾喜胶囊
海利升注射液
海龙蛤蚧口服液
海龙胶
海龙胶颗粒
海龙胶口服液
海马巴戟胶囊
海马补肾丸
海马多鞭丸
海马强肾丸
海马三肾丸
海马舒活膏
海马万应膏
海马香草酒
海墨止血胶囊
海墨止血片
海茸益肾胶囊
海蛇痹宁胶囊
海蛇天麻酒
海蛇药酒
海天益肾胶囊
海洋胃药
海洋胃药丸
海益元合剂
海藻酸铝镁
海珠喘息定片
海珠口服液
海呋龙散
海麒舒肝胶囊
含化上清片
含糖胃蛋白酶
寒痹停片
寒喘膏药
寒喘丸
寒喘祖帕颗粒
寒热痹胶囊
寒热痹颗粒
寒湿痹胶囊
寒湿痹颗粒
寒湿痹片
寒水石二十一味散
寒水石小灰散
寒痛乐熨剂
寒泻片
汉防己甲素
汉肌松注射液
汉桃叶片
汉桃叶软胶囊
汉禹止喘酒
荷丹胶囊
荷丹片
荷叶调脂茶
荷叶丸
核黄素磷酸钠
核黄素四丁酸酯
核酪
核糖核酸
核糖核酸Ⅰ
核糖核酸Ⅱ
核糖核酸Ⅲ
和肝利胆颗粒
和肝利胆糖浆
和合丸
和络舒肝胶囊
和络舒肝片
和胃安眠丸
和胃降逆胶囊
和胃疗疳颗粒
和胃片
和胃平肝丸
和胃整肠丸
和胃止痛胶囊
和胃止泻胶囊
和兴白花油
和血胶囊
和血明目片
和血片
和中理脾丸
和中糖浆
合成天麻素
合成鱼腥草素
合成鱼腥草素片
河蚌滋阴胶囊
河车补丸
河车大造胶囊
河车大造片
河车大造丸
鹤蟾片
黑豆馏油凝胶
黑豆馏油软膏
黑骨藤追风活络胶囊
黑骨藤追风活络颗粒
黑归脾丸
黑鬼豆油
黑鬼油
黑虎散
黑加仑油软胶囊
黑首生发颗粒
黑锡丹
恒古骨伤愈合剂
恒制咳喘胶囊
鸿茅药酒
红草止鼾胶囊
红草止鼾颗粒
红古豆醇酯
红管药片
红归胶囊
红核妇洁洗液
红虎灌肠液
红花跌打丸
红花黄色素氯化钠注射液
红花口服液
红花七厘散
红花清肝十三味丸
红花如意丸
红花油
红花注射液
红花逍遥胶囊
红花逍遥颗粒
红花逍遥片
红甲虫草口服液
红金消结胶囊
红金消结浓缩丸
红金消结片
红景天口服液
红菊补肾片
红灵散
红龙镇痛片
红鹿参片
红霉素
红霉素醋酸锌
红霉素过氧苯甲酰
红棉散
红三七软膏
红色诺卡氏菌细胞壁骨架
红色正金软膏
红卫蛇药片
红细胞保存液
红香止痛酊
红羊填精胶囊
红药胶囊
红药片
红药气雾剂
红药贴膏
红芪口服液
红茴香注射液
喉疾灵胶囊
喉疾灵片
喉康散
喉舒口含片
喉舒宁胶囊
喉舒宁片
喉痛解毒丸
喉痛灵颗粒
喉痛灵片
喉痛片
喉痛丸
喉痛消炎丸
喉咽清颗粒
喉咽清口服液
喉炎丸
喉药散
喉症丸
猴栆牛黄散
猴耳环消炎胶囊
猴耳环消炎颗粒
猴耳环消炎片
猴菇菌
猴菇片
猴菇饮
猴头健胃灵胶囊
猴头健胃灵片
猴头菌片
猴头菌提取物
猴枣牛黄散
厚朴排气合剂
厚元行气丸
后马托品
葫芦素胶囊
葫芦素片
胡日查六味丸
胡氏六神丸
糊药
虎标红万金油
虎标万金油
虎参软膏
虎地肠溶胶囊
虎黄烧伤搽剂
虎驹乙肝胶囊
虎驹乙肝片
虎力散
虎力散胶囊
虎力散片
虎梅含片
虎杖矾石搽剂
虎杖伤痛酊
虎杖叶胶囊
护肝布祖热颗粒
护肝胶囊
护肝颗粒
护肝宁胶囊
护肝宁片
护肝宁丸
护肝片
护肝丸
护骨胶囊
护肾保元合剂
护心胶囊
花百胶囊
花粉祛痒止痛酊
花红胶囊
花红颗粒
花红片
花蕊石止血散
花蛇解痒胶囊
花蛇解痒片
花藤子颗粒
花芪胶囊
花芪芎颗粒
花栀清肝颗粒
华法林钠
华容口服液
华沙利胆丸
华山参滴丸
华山参片
华山参气雾剂
华陀膏
华陀油
华佗风痛宝胶囊
华佗风痛宝片
华佗膏
华佗延寿酒
华佗再造丸
华蟾素胶囊
华蟾素口服液
华蟾素片
华蟾素注射液
滑膜炎胶囊
滑膜炎颗粒
滑膜炎片
化癥回生口服液
化癥回生片
化虫丸
化毒丹
化毒散
化毒丸
化风丹
化核膏药
化积颗粒
化积口服液
化积片
化积散
化痰平喘片
化痰消咳片
化痔胶囊
化痔灵片
化痔片
化痔栓
化滞柔肝颗粒
化浊轻身颗粒
化瘀固精合剂
化瘀散结灌肠液
化瘀舒经胶囊
化瘀丸
化瘀镇痛胶囊
化瘀止痛栓
化瘀祛斑胶囊
化瘀祛斑片
槐耳颗粒
槐角地榆丸
槐角丸
槐菊颗粒
槐榆清热止血胶囊
槐芩软膏
槐杞黄颗粒
环扁桃酯
环丙贝特
环丙沙星
环丙沙星葡萄糖
环磷腺苷
环磷腺苷氯化钠
环磷腺苷葡胺
环磷腺苷葡胺葡萄糖
环磷腺苷葡萄糖
环磷酰胺
环轮宁
环丝氨酸
环索奈德
环戊硫酮
环戊噻嗪
环心丹
环吡酮
环吡酮胺
环孢素
环酯红霉素
还精煎口服液
还少丹
还少胶囊
还少丸
还原固精丸
还原型谷胱甘肽
还原型谷胱甘肽钠
缓冲生理盐水
缓解感冒症状的复方OTC制剂
缓解消化道不适症状的复方OTC制剂
缓痛止泻软胶囊
换骨丸
黄柏八味片
黄柏八味散
黄柏果油软胶囊
黄柏胶囊
黄柏片
黄丹胶囊
黄胆茵陈颗粒
黄道益活络油
黄地养血口服液
黄地养阴颗粒
黄豆苷元
黄根片
黄公烧伤膏
黄何口服液
黄厚止泻滴丸
黄虎喷雾剂
黄花杜鹃油胶丸
黄金波药酒
黄荆油胶丸
黄精丸
黄精养阴糖浆
黄精赞育胶囊
黄苦洗液
黄葵胶囊
黄连胶囊
黄连解毒丸
黄连清胃丸
黄连上清胶囊
黄连上清颗粒
黄连上清片
黄连上清丸
黄连双清丸
黄连羊肝片
黄连羊肝丸
黄龙咳喘胶囊
黄龙咳喘片
黄龙止咳颗粒
黄麻嗪
黄明胶
黄蒲洁肤洗剂
黄热减毒活疫苗
黄瑞香注射液
黄升丹
黄石感冒片
黄氏响声茶
黄氏响声含片
黄氏响声丸
黄水疮散
黄藤素分散片
黄藤素胶囊
黄藤素片
黄藤素软胶囊
黄藤素栓
黄藤素阴道凝胶
黄藤素注射液
黄体生成素卵泡刺激素
黄体酮
黄香颗粒
黄祥华如意油
黄杨宁
黄杨宁分散片
黄杨宁片
黄氧化汞
黄英咳喘糖浆
黄枣颗粒
黄芩胶囊
黄芩茎叶解毒胶囊
黄芩片
黄芩素铝胶囊
黄芩苷
黄芪健胃膏
黄芪建中丸
黄芪精
黄芪精颗粒
黄芪颗粒
黄芪颗粒（无糖型）
黄芪片
黄芪三七口服液
黄芪生脉颗粒
黄芪生脉饮
黄芪注射液
黄莪胶囊
黄萱益肝散
黄萱益肝丸
黄栀花口服液
黄疸肝炎丸
黄疸茵陈颗粒
黄疸茵陈片
黄蛭益肾胶囊
磺胺醋酰钠
磺胺对甲氧嘧啶
磺胺多辛
磺胺多辛乙胺嘧啶
磺胺二甲嘧啶
磺胺甲噁唑
磺胺间甲氧嘧啶
磺胺林
磺胺索嘧啶
磺胺氧化锌
磺胺氧化锌(Ⅱ)
磺胺咪
磺胺嘧啶
磺胺嘧啶钠
磺胺嘧啶锌
磺胺嘧啶银
磺胺噻唑
磺胺脒
磺达肝癸钠
磺苄西林钠
磺啶冰黄
磺啶新林
磺溴酞钠
灰黄霉素
灰黄霉素片
灰树花胶囊
回春丹
回春胶囊
回春酒
回春如意胶囊
回春散
回生第一丹
回生第一丹胶囊
回生第一丹丸
回生第一散
回生甘露丸
回生口服液
回生再造丸
回天再造丸
回心康片
惠血生胶囊
惠血生片
混合雌激素
混合核苷
混合糖电解质
混合重组人胰岛素(30R)
混合重组人胰岛素(50R)
混元丸
活力苏口服液
活力源胶囊
活力源口服液
活力源片
活络健身液
活络通口服液
活络丸
活络消痛胶囊
活络消痛片
活络油
活络镇痛片
活络止痛丸
活络酊
活胃胶囊
活胃散
活心丸
活血调经丸
活血跌打丸
活血风寒膏
活血风湿膏
活血健骨片
活血降浊口服液
活血胶囊
活血接骨散
活血解毒丸
活血解痛膏
活血理伤丸
活血舒筋酊
活血通脉胶囊
活血通脉片
活血消痛酊
活血消炎丸
活血益痔酊
活血应痛丸
活血镇痛膏
活血镇痛胶囊
活血止痛膏
活血止痛胶囊
活血止痛片
活血止痛软胶囊
活血止痛散
活血壮筋丹
活血壮筋胶囊
活血壮筋丸
火把花根片
霍乱、伤寒、副伤寒，甲．乙菌苗，破伤风类毒素混合
霍乱弧菌诊断血清
霍香正气丸
机采血小板
积雪苷胶囊
积雪苷片
积雪苷霜软膏
积雪甙片
积雪甙脂软膏
肌氨肽苷
肌醇
肌醇烟酸脂
肌醇烟酸酯
肌苷
肌苷(肌注)
肌苷(静注)
肌苷氯化钠
肌苷葡萄糖
鸡胆口服溶液
鸡骨草肝炎颗粒
鸡骨草肝炎丸
鸡骨草胶囊
鸡骨草片
鸡鸣丸
鸡矢藤注射液
鸡苏丸
鸡血藤胶囊
鸡血藤颗粒
鸡血藤片
鸡血藤糖浆
吉法酯
吉非罗齐
吉非替尼
吉如心片
吉他霉素
吉祥安坤丸
棘豆消痒洗剂
急肝退黄胶囊
急支颗粒
急支糖浆
疾病特异型肠内营养剂
脊髓灰质炎减毒活疫苗
脊髓灰质炎减毒活疫苗（人二倍体细胞）
脊髓灰质炎灭活疫苗
己二烯雌酚
己酸羟孕酮
己酮可可碱
己酮可可碱氯化钠
己酮可可碱葡萄糖
己烯雌酚
季德胜蛇药片
济坤丸
济生桔核丸（桔核丸）
济生肾气片
济生肾气丸
济生万应锭
济生橘核丸
济泰片
济众酊
寄生追风液
佳蓉片
佳蓉丸
加巴喷丁
加减地黄丸
加替沙星
加替沙星氯化钠
加替沙星葡萄糖
加味八珍益母膏
加味八珍益母胶囊
加味白药丸
加味保和丸
加味感冒丸
加味归芪片
加味龟龄集酒
加味霍香正气丸
加味烂积丸
加味灵芝菌片
加味青娥丸
加味蛇胆陈皮片
加味生化颗粒
加味四消丸
加味天麻胶囊
加味西黄丸
加味香连丸
加味香砂枳术丸
加味益母草膏
加味银翘片
加味左金丸
加味藿香正气软胶囊
加味藿香正气丸
加味逍遥胶囊
加味逍遥颗粒
加味逍遥口服液
加味逍遥片
加味逍遥丸
加味逍遥丸(水丸)
加香甲酚
加香甲酚皂
甲、乙肝联合疫苗
甲氨蝶呤
甲苯磺丁脲
甲苯磺酸拉帕替尼
甲苯磺酸舒他西林
甲苯磺酸索拉非尼
甲苯磺酸托氟沙星
甲苯磺酸妥舒沙星
甲苯咪唑
甲丙氨酯
甲橙维C
甲地高辛
甲芬那酸
甲酚皂
甲肝灭活疫苗
甲磺奈非那韦
甲磺司特
甲磺酸-α-二氢麦角隐亭
甲磺酸阿米三嗪萝巴新
甲磺酸阿帕替尼
甲磺酸氨氯地平
甲磺酸奥希替尼
甲磺酸倍他司汀
甲磺酸多拉司琼
甲磺酸多沙唑嗪
甲磺酸二氢麦角碱
甲磺酸法舒地尔
甲磺酸酚妥拉明
甲磺酸吉米沙星
甲磺酸加贝酯
甲磺酸加替沙星
甲磺酸加替沙星氯化钠
甲磺酸加替沙星葡萄糖
甲磺酸雷沙吉兰
甲磺酸罗哌卡因
甲磺酸罗哌卡因氯化钠
甲磺酸帕珠沙星
甲磺酸帕珠沙星氯化钠
甲磺酸培氟沙星
甲磺酸培氟沙星葡萄糖
甲磺酸齐拉西酮
甲磺酸去铁胺
甲磺酸瑞波西汀
甲磺酸沙奎那韦
甲磺酸双氢麦角胺
甲磺酸双氢麦角毒碱
甲磺酸托烷司琼
甲磺酸伊马替尼
甲磺酸左氧氟沙星
甲磺酸左氧氟沙星氯化钠
甲磺酸溴隐亭
甲基斑蝥胺
甲基多巴
甲基硫氧嘧啶
甲基麻黄碱
甲亢灵胶囊
甲亢灵颗粒
甲亢灵片
甲硫氨酸
甲硫氨酸维B1
甲硫氨酸维生素B1
甲硫酸新斯的明
甲硫氧嘧啶
甲氯芬那酸
甲氯噻嗪
甲麻芩苷那敏
甲泼尼龙
甲泼尼龙琥珀酸钠
甲醛
甲醛甲酚
甲硝维参
甲硝唑
甲硝唑苯甲酸酯
甲硝唑芬布芬
甲硝唑胶浆
甲硝唑磷酸二钠
甲硝唑氯化钠
甲硝唑氯己定
甲硝唑氯己定(浓)
甲硝唑葡萄糖
甲硝唑葡萄糖氯化钠
甲硝唑维B6
甲硝唑呋喃唑酮
甲型H1N1流感病毒裂解疫苗
甲型肝炎纯化灭活疫苗
甲型肝炎减毒活疫苗
甲型肝炎灭活疫苗
甲型肝炎灭活疫苗（人二倍体细胞）
甲型乙型肝炎联合疫苗
甲氧氟烷
甲氧氯普胺
甲氧沙林
甲氧异腈
甲氧苄氨嘧啶
甲氧苄胺嘧啶
甲氧苄啶
甲异靛
甲鱼软坚膏
甲状腺
甲状腺片
甲状腺素碘塞罗宁
甲紫
甲睾酮
甲巯咪唑
甲芪肝纤颗粒
甲溴阿托品
甲溴贝那替秦
甲胂酸钠
甲砜霉素
甲钴胺
甲羟孕酮/雌二醇
甲酰四氢叶酸钙
尖吻蝮蛇血凝酶
间苯三酚
间碘[123/131I]苄胍
肩痹膏
肩痛宁搽剂
碱式水杨酸铋
碱式碳酸铋
碱式硝酸铋
减肥胶囊
减肥通圣片
减味牛黄解毒胶囊
减味小儿化痰散
减味紫雪口服液
健宝灵颗粒
健宝灵片
健步强身丸
健步丸
健步壮骨丸
健儿膏
健儿口服液
健儿乐颗粒
健儿片
健儿强骨颗粒
健儿清解液
健儿散
健儿素颗粒
健儿糖浆
健儿消积贴
健儿消食合剂
健儿消食口服液
健儿药片
健儿药丸
健儿止泻颗粒
健儿疳积散
健肺丸
健妇胶囊
健妇丸
健肝乐颗粒
健肝灵胶囊
健肝灵片
健肝片
健骨生丸
健骨注射液
健康补脾丸
健康补肾酒
健民咽喉片
健脑安神胶囊
健脑安神片
健脑补肾口服液
健脑补肾丸
健脑胶囊
健脑灵片
健脑片
健脑丸
健脑益气片
健脾安神合剂
健脾安神胶囊
健脾八珍糕
健脾补血颗粒
健脾补血片
健脾冲剂
健脾糕片
健脾化滞锭
健脾降脂颗粒
健脾康儿片
健脾颗粒
健脾理肠片
健脾凝胶
健脾片
健脾润肺丸
健脾生血颗粒
健脾生血片
健脾糖浆
健脾丸
健脾五味丸
健脾消渴散
健脾消食丸
健脾消疳丸
健脾养胃颗粒
健脾益肾颗粒
健脾益血片
健脾增力丸
健脾止泻宁颗粒
健脾止遗片
健脾壮腰药酒
健脾资生丸
健身安胎丸
健身长春膏
健身长春颗粒
健身宁片
健身全鹿丸
健身消导颗粒
健身药酒
健神宁片
健肾强精酒
健肾生发丸
健肾益肺颗粒
健肾益肺口服液
健肾壮腰丸
健胃固肠散
健胃宽胸丸
健胃片
健胃十味丸
健胃消食胶囊
健胃消食颗粒
健胃消食口服液
健胃消食片
健胃消炎颗粒
健胃愈疡胶囊
健胃愈疡颗粒
健胃愈疡片
健胃止疼五味胶囊
健胃止痛片
健心合米尔高滋斑安比热片
健心胶囊
健心片
健血颗粒
健延龄胶囊
健阳胶囊
健阳片
健腰丸
健睥益肾颗粒
建参片
建曲
姜胆咳喘片
姜酚
姜红祛痛搽剂
姜黄清脂胶囊
姜黄清脂片
姜黄清脂丸
姜黄通络胶囊
姜黄消痤搽剂
姜颗粒
姜流浸膏
姜脑止痛搽剂
姜枣祛寒冲剂
姜枣祛寒颗粒
姜酊
江南卷柏片
降防保心胶囊
降酶灵胶囊
降酶灵片
降气定喘丸
降糖甲胶囊
降糖甲颗粒
降糖甲片
降糖胶囊
降糖宁胶囊
降糖宁片
降糖舒胶囊
降糖舒片
降糖舒丸
降糖通脉胶囊
降糖通脉片
降糖丸
降纤酶
降压避风片
降压袋泡茶
降压颗粒
降压片
降压平片
降压丸
降脂化浊胶囊
降脂减肥胶囊
降脂减肥片
降脂胶丸
降脂灵分散片
降脂灵胶囊
降脂灵颗粒
降脂灵片
降脂宁胶囊
降脂宁颗粒
降脂宁片
降脂排毒胶囊
降脂平口服液
降脂通便胶囊
降脂通络软胶囊
降脂通脉胶囊
降浊健美颗粒
降浊颗粒
降浊祛瘀颗粒
焦楂化滞丸
胶体次枸橼酸铋
胶体果胶铋
胶体酒石酸铋
胶体磷[32P]酸铬
胶原酶
交联玻璃酸钠
交沙霉素
交通心肾胶囊
脚气散
角鲨烯
绞股蓝总苷[甙]胶囊
绞股蓝总苷[甙]颗粒
绞股蓝总苷[甙]片
绞股蓝总苷滴丸
绞股蓝总苷分散片
绞股蓝总苷胶囊
绞股蓝总苷颗粒
绞股蓝总甙分散片
绞股蓝总甙胶囊
绞股蓝总甙颗粒
绞股蓝总甙片
绞股蓝总甙软胶囊
接骨灵贴膏
接骨片
接骨七厘胶囊
接骨七厘片
接骨七厘散
接骨七厘丸
接骨丸
接骨续筋胶囊
接骨续筋片
截疟七宝丸
桔贝半夏颗粒
桔贝合剂
桔贝止咳祛痰片
桔梗八味颗粒
桔梗冬花颗粒
桔梗冬花片
桔梗流浸膏
桔红片
桔红丸
桔香袪暑和胃茶
桔香祛暑和胃茶
桔远止咳片
竭红跌打酊
洁白胶囊
洁白片
洁白丸
洁尔阴泡腾片
洁尔阴软膏
洁尔阴洗液
洁肤净洗剂
洁康宁喷雾剂
洁身洗液
洁阴康洗液
洁阴灵洗剂
洁阴止痒洗液
结肠宁
结构脂肪乳(C6～24)
结核菌素纯蛋白衍生物
结核灵片
结核丸
结合雌激素
结合雌激素/甲羟孕酮
结石康胶囊
结石清胶囊
结石通茶
结石通胶囊
结石通片
解表清肺丸
解表清金散
解表追风丸
解毒护肝颗粒
解毒活血栓
解毒降脂胶囊
解毒降脂片
解毒胶囊
解毒利咽丸
解毒凉血合剂
解毒散结胶囊
解毒烧伤膏
解毒烧伤软膏
解毒生肌膏
解毒通淋丸
解毒万灵丸
解毒维康胶囊
解毒维康片
解毒止泻胶囊
解毒止泻片
解毒痤疮丸
解肌宁嗽口服液
解肌宁嗽片
解肌宁嗽丸
解肌清肺丸
解痉镇痛酊
解热感冒片
解热清肺糖浆
解热消炎胶囊
解热镇惊丸
解热止痛散
解暑片
解心痛胶囊
解心痛片
解郁安神胶囊
解郁安神颗粒
解郁安神片
解郁肝舒胶囊
解郁和肝丸
解郁丸
筋骨草胶囊
筋骨草片
筋骨跌打丸
筋骨康片
筋骨宁搽剂
筋骨宁膏
筋骨伤喷雾剂
筋骨疼痛酒
筋骨痛消丸
筋骨丸
筋骨止痛膏
筋络宁软膏
筋伤宁湿敷剂
筋痛消酊
金百洗剂
金贝痰咳清颗粒
金不换膏
金参润喉合剂
金参疏肝胶囊
金蝉止痒胶囊
金蝉止痒颗粒
金刺参九正合剂
金丹附延颗粒
金丹丸
金胆片
金地连解毒片
金豆开胃口服液
金防感冒颗粒
金凤丸
金佛酒
金佛止痛丸
金复康口服液
金感胶囊
金感敏
金感欣片
金刚胶囊
金刚口服液
金刚片
金刚藤分散片
金刚藤胶囊
金刚藤咀嚼片
金刚藤颗粒
金刚藤口服液
金刚藤片
金刚藤软胶囊
金刚藤糖浆
金刚藤丸
金刚丸
金骨莲胶囊
金骨莲片
金关片
金归洗液
金果含片
金果钦
金果饮
金果饮咽喉片
金果榄凝胶
金海清咽袋泡茶
金红颗粒
金红片
金红止痛消肿酊
金喉健喷雾剂
金喉散
金花跌打酊
金花明目丸
金花清感颗粒
金花消痤胶囊
金花消痤颗粒
金花消痤丸
金花止咳颗粒
金槐冠心片
金黄抱龙丸
金黄利胆胶囊
金黄散
金黄色葡萄球菌滤液
金鸡分散片
金鸡虎补片
金鸡虎补丸
金鸡化瘀颗粒
金鸡胶囊
金鸡颗粒
金鸡片
金鸡丸
金甲排石胶囊
金菊感冒片
金菊利咽口含片
金菊五花茶颗粒
金鹃咳喘停合剂
金菌灵胶囊
金菌灵片
金咳息胶囊
金咳息颗粒
金蓝气雾剂
金利油软胶囊
金莲花滴丸
金莲花分散片
金莲花胶囊
金莲花咀嚼片
金莲花颗粒
金莲花口服液
金莲花片
金莲花软胶囊
金莲花润喉片
金莲清热胶囊
金莲清热颗粒
金莲清热泡腾片
金莲胃舒片
金羚感冒胶囊
金羚感冒片
金龙补肾合剂
金龙丹颗粒
金龙胆草
金龙胶囊
金龙驱风油
金龙伤湿止痛膏
金龙舒胆胶囊
金龙舒胆颗粒
金马肝泰胶囊
金马肝泰颗粒
金马肝泰片
金毛狗脊丸
金梅感冒片
金梅清暑颗粒
金明和胃胶囊
金鸣片
金牡感冒片
金牛眼药
金诺芬
金牌白凤丸
金牌风油精
金葡菌毒素
金葡素注射液
金蒲胶囊
金朴消积颗粒
金钱白花蛇药酒
金钱草胶囊
金钱草颗粒
金钱草片
金钱胆通颗粒
金钱胆通口服液
金钱通淋颗粒
金钱通淋口服液
金前感冒胶囊
金青感冒颗粒
金青解毒丸
金青口服液
金嗓开音胶囊
金嗓开音颗粒
金嗓开音片
金嗓开音丸
金嗓利咽胶囊
金嗓利咽颗粒
金嗓利咽片
金嗓利咽丸
金嗓清音胶囊
金嗓清音颗粒
金嗓清音片
金嗓清音丸
金嗓散结胶囊
金嗓散结颗粒
金嗓散结片
金嗓散结丸
金嗓子喉片
金砂五淋丸
金砂消食口服液
金石感冒茶
金石清热颗粒
金薯叶止血合剂
金术跌打丸
金水宝胶囊
金水宝片
金水鲜胶囊
金松止痒洗液
金酸萍颗粒
金酸萍片
金酸萍糖浆
金锁固精丸
金锁昆都尔片
金糖宁胶囊
金藤清痹颗粒
金天格胶囊
金胃泰胶囊
金乌骨通胶囊
金香胶囊
金香疏肝片
金玄利咽颗粒
金玄痔科熏洗散
金药膏
金叶败毒颗粒
金叶滴眼剂
金衣万应丸
金衣至宝锭
金茵利胆胶囊
金银花合剂
金银花胶囊
金银花颗粒
金银花口服液
金银花露
金银花软胶囊
金银花糖浆
金银三七胶囊
金英胶囊
金樱首乌汁
金樱子膏
金樱子颗粒
金樱子糖浆
金泽冠心胶囊
金泽冠心片
金珍滴眼液
金振颗粒
金振口服液
金珠烧伤搽剂
金朱止泻片
金匮肾气片
金匮肾气丸
金芩花颗粒
金芪降糖胶囊
金芪降糖颗粒
金芪降糖片
金芪降糖丸
金芪温补酒
金荞麦胶囊
金荞麦咀嚼片
金荞麦片
金萆通淋颗粒
金蒿解热颗粒
金薏颗粒
金栀洁龈含漱液
金栀咽喉袋泡茶
金蚧片
金斛酒
金鳝消渴颗粒
津力达颗粒
津力达口服液
近视乐眼药水
荆防败毒丸
荆防合剂
荆防颗粒
荆肤止痒颗粒
荆感胶囊
荆花胃康胶丸
荆芥地肤止痒搽剂
荆菊感冒片
荆银颗粒
京都念慈菴蜜炼川贝枇杷膏
京万红
京万红软膏
京万红痔疮膏
京制咳嗽痰喘丸
京制牛黄解毒片
京制牛黄解毒丸
惊风七厘散
惊风散
惊风丸
精氨酸阿司匹林
精氨酸布洛芬
精氨酸谷氨酸
精氨酸培哚普利
精蛋白生物合成人胰岛素
精蛋白生物合成人胰岛素（预混30R)
精蛋白生物合成人胰岛素（预混50R）
精蛋白锌混合重组赖脯胰岛素(25R)
精蛋白锌混合重组赖脯胰岛素(50R)
精蛋白锌胰岛素
精蛋白锌胰岛素(30R)
精蛋白锌重组赖脯胰岛素(25R)
精蛋白锌重组人胰岛素
精蛋白锌重组人胰岛素30R
精蛋白锌重组人胰岛素混合70/30
精蛋白重组人胰岛素
精蛋白重组人胰岛素(30/70)
精蛋白重组人胰岛素(40/60)
精蛋白重组人胰岛素(50/50)
精蛋白重组人胰岛素(预混30/70)
精肝颗粒
精黄片
精乌胶囊
精乌颗粒
精乌片
精血补胶囊
精血补片
精制狗皮膏
精制冠心胶囊
精制冠心颗粒
精制冠心口服液
精制冠心片
精制冠心软胶囊
精制海马追风膏
精制猴枣散
精制抗狂犬病血清
精制抗蛇毒血清
精制抗炭疽血清
精制流行性乙型脑炎灭活疫苗(Vero细胞)
精制破伤风抗毒素
精制五加皮酒
精制银翘解毒胶囊
精制银翘解毒片
精芪颗粒
精芪双参胶囊
精苓合剂
精苓口服液
精杞参胶囊
经带宁胶囊
经前安片
经前平颗粒
经前舒颗粒
经舒胶囊
经舒颗粒
经血宁胶囊
景参益气颗粒
景天虫草含片
景天清肺胶囊
景天清肺丸
景天三七胶囊
景天三七片
景天三七糖浆
景天五加颗粒
景天祛斑胶囊
景天祛斑片
景志安神胶囊
景志安神颗粒
景志安神口服液
景志安神片
颈复康颗粒
颈康胶囊
颈康片
颈舒颗粒
颈通颗粒
颈痛胶囊
颈痛颗粒
颈痛灵胶囊
颈痛灵药酒
颈痛片
颈腰康胶囊
静灵口服液
静心颗粒
静心口服液
静注乙型肝炎人免疫球蛋白(pH4)
净石灵胶囊
净石灵片
久痢丹
久痢丸
久强脑立清
久芝清心丸
九宝丸
九分散
九归强肾酒
九合维生素
九华膏
九华痔疮栓
九龙化风丸
九龙解毒胶囊
九龙胃药胶囊
九气拈痛胶囊
九气拈痛丸
九气心痛丸
九三活血搽剂
九维片
九维鱼肝油
九味补血口服液
九味参蓉胶囊
九味沉香胶囊
九味肝泰胶囊
九味黑蚁酒
九味健肾胶囊
九味抗病毒颗粒
九味牛黄丸
九味羌活颗粒
九味羌活口服液
九味羌活喷雾剂
九味羌活片
九味羌活软胶囊
九味羌活丸
九味青鹏散
九味清热胶囊
九味双解口服液
九味通导颗粒
九味熄风颗粒
九味益脑颗粒
九味渣驯丸
九味镇心颗粒
九味痔疮胶囊
九味獐牙菜胶囊
九味獐牙菜丸
九味竺黄散
九一散
九制大黄丸
九制豨莶草药酒
酒石酸布托啡诺
酒石酸长春瑞滨
酒石酸伐尼克兰
酒石酸吉他霉素
酒石酸罗格列酮
酒石酸美托洛尔
酒石酸去甲肾上腺素
酒石酸双氢可待因
酒石酸托特罗定
酒石酸西尼必利
酒石酸唑吡坦
酒石酸溴莫尼定
救必应胃痛胶囊
救必应胃痛片
救尔心胶囊
救急散
救急行军胶囊
救急行军散
救惊散
救心金丸
救心丸
旧结核菌素
菊花七味胶囊
菊蓝抗流感胶囊
菊蓝抗流感颗粒
菊蓝抗流感片
菊梅利咽含片
菊明降压片
菊明降压丸
局方至宝散
局方至宝丸
聚苯乙烯磺酸钙
聚多卡醇
聚桂醇
聚磺苯乙烯钠
聚肌胞
聚甲酚磺醛
聚卡波非钙
聚明胶肽
聚普瑞锌
聚糖酐
聚维酮碘
聚乙二醇
聚乙二醇1000
聚乙二醇4000
聚乙二醇6000
聚乙二醇电解质
聚乙二醇干扰素[α-2b]
聚乙二醇干扰素α-2a
聚乙二醇干扰素α-2b
聚乙二醇化重组人粒细胞刺激因子
聚乙二醇钠钾
聚乙二醇重组人生长激素
聚乙烯醇
聚异丁烯酸甘油酯
锯叶棕果实提取物软胶囊
决明降脂胶囊
决明降脂片
决明平脂胶囊
决明山绿茶
均隆驱风油
菌白敏片
菌痢平片
君歧肠胃合剂
咖啡酸
咖酚伪麻
卡巴胆碱
卡巴克络
卡巴匹林钙
卡巴西平
卡贝缩宫素
卡比多巴
卡比多巴/左旋多巴
卡比马唑
卡波姆
卡铂
卡泊三醇
卡泊三醇倍他米松
卡格列净
卡介菌纯蛋白衍生物
卡介菌多糖核酸
卡络磺钠
卡络磺钠氯化钠
卡马西平
卡莫氟
卡莫司汀
卡培他滨
卡普托利
卡前列甲酯
卡前列素氨丁三醇
卡托普利
卡维地洛
卡左双多巴
开光复明丸
开喉剑喷雾剂
开喉剑喷雾剂(儿童型)
开塞露
开塞露(甘油)
开塞露(含山梨醇)
开胃健脾丸
开胃理脾口服液
开胃理脾丸
开胃山楂丸
开胃丸
开胃消食口服液
开胸理气丸
开胸顺气胶囊
开胸顺气丸
开胸消食片
开郁老蔻丸
开郁舒肝丸
开郁顺气丸
坎地氢噻
坎地沙坦
坎地沙坦西酯
坎地沙坦酯
坎离砂
康艾扶正胶囊
康艾扶正片
康艾注射液
康柏西普
康儿灵颗粒
康尔心胶囊
康尔心颗粒
康肤酊
康复春口服液
康复灵栓
康复灵药膏
康复新液
康腹止泻片
康妇灵胶囊
康妇灵片
康妇凝胶
康妇软膏
康妇消炎栓
康妇炎胶囊
康莱特软胶囊
康莱特注射液
康乐鼻炎片
康力欣胶囊
康脉心口服液
康脉益心片
康逆胶囊
康肾颗粒
康肾丸
康氏牛黄解毒片
康氏牛黄解毒丸
康寿丸
康胃素
康欣胶囊
康欣口服液
康媛颗粒
康嫒颗粒
糠馏油
糠酸氟替卡松
糠酸莫米松
糠甾醇
抗Tac单抗
抗癌平片
抗癌平丸
抗艾滋病用药
抗扁桃腺炎合剂
抗病毒滴丸
抗病毒胶囊
抗病毒咀嚼片
抗病毒颗粒
抗病毒口服液
抗病毒泡腾片
抗病毒片
抗病毒软胶囊
抗病毒糖浆
抗病毒丸
抗风湿液
抗妇炎胶囊
抗感胶囊
抗感解毒胶囊
抗感解毒颗粒
抗感解毒口服液
抗感解毒片
抗感颗粒
抗感口服液
抗感灵片
抗感冒颗粒
抗感冒颗粒(低糖型)
抗感泡腾片
抗感片
抗宫炎分散片
抗宫炎胶囊
抗宫炎颗粒
抗宫炎片
抗宫炎软胶囊
抗宫炎丸
抗骨髓炎片
抗骨增生合剂
抗骨增生胶囊
抗骨增生颗粒
抗骨增生口服液
抗骨增生片
抗骨增生糖浆
抗骨增生丸
抗骨质增生丸
抗饥消渴片
抗菌痢灵片
抗菌消炎胶囊
抗菌消炎片
抗狂犬病血清
抗狼疮散
抗脑衰胶囊
抗凝血用枸橼酸钠
抗热镇痉丸
抗人T淋巴细胞免疫球蛋白
抗人T细胞CD3鼠单抗
抗人T细胞兔免疫球蛋白
抗人T细胞猪免疫球蛋白
抗人白介素-8鼠单抗
抗人白细胞介素-8单克隆抗体
抗人淋巴细胞免疫球蛋白
抗腮灵糖浆
抗腮腺炎注射液
抗蛇毒血清
抗衰复春片
抗衰老口服液
抗衰老片
抗衰灵膏
抗衰灵口服液
抗栓保心片
抗栓胶囊
抗栓再造丸
抗炭疽血清
抗五步蛇毒血清
抗炎退热片
抗炎注射液
抗眼镜蛇毒血清
抗乙肝免疫核糖核酸
抗乙肝胎盘转移因子
抗乙肝转移因子
抗乙型肝炎胎盘转移因子
抗乙型肝炎转移因子
抗银环蛇毒血清
抗肿瘤免疫核糖核酸
抗痨冲剂
抗痨胶囊
抗痨颗粒
抗痨丸
抗蝰蛇毒血清
抗蝮蛇毒血清
考来烯胺
科博肽注射液
科洛曲
壳脂胶囊
咳喘安口服液
咳喘膏
咳喘静糖浆
咳喘宁
咳喘宁合剂
咳喘宁胶囊
咳喘宁颗粒
咳喘宁口服液
咳喘宁片
咳喘清片
咳喘舒片
咳喘顺丸
咳喘停膏
咳喘丸
咳感康口服液
咳康含片
咳克平胶囊
咳立停糖浆
咳灵胶囊
咳露口服液
咳宁胶囊
咳宁颗粒
咳宁糖浆
咳平胶囊
咳清胶囊
咳舒糖浆
咳嗽糖浆
咳嗽枇杷颗粒
咳嗽枇杷糖浆
咳速停胶囊
咳速停糖浆
咳痰合剂
咳痰清糖浆
咳特灵胶囊
咳特灵颗粒
咳特灵片
咳停片
咳欣康片
可达灵片
可待因桔梗
可可钙糖
可乐定
可利肝冲剂
可利肝颗粒
可明胶囊
可溶性纤维素钠
可溶性止血纱布
可愈糖浆
渴乐宁胶囊
渴络欣胶囊
克比热提片
克痹骨泰胶囊
克痹骨泰片
克补片
克感额日敦片
克感利咽颗粒
克感利咽口服液
克咳胶囊
克咳片
克拉霉素
克拉屈滨
克拉维酸钾/羟氨苄青霉素(1:2)
克拉维酸钾羟氨苄青霉素
克痢痧胶囊
克裂霜
克林霉素甲硝唑
克林霉素磷酸酯
克林霉素磷酸酯氯化钠
克林霉素磷酸酯葡萄糖
克淋通胶囊
克鲁米松通
克仑特罗
克罗米通
克洛己新
克洛曲
克霉庆大倍松
克霉唑
克霉唑倍他米松
克霉唑尿素
克念菌素
克伤痛搽剂
克伤痛气雾剂
克痛酊
克泻胶囊
克泻灵胶囊
克泻灵片
克泻敏颗粒
克泻敏丸
克痒敏醑
克痒舒洗液
克银丸
克唑替尼
克痤隐酮凝胶
克痤隐酮乳膏
克癀胶囊
空心胶囊
孔圣枕中丸
控涎丸
口鼻清喷雾剂
口服洗肠散
口洁含漱液
口洁喷雾剂
口腔溃疡含片
口腔溃疡散
口腔炎喷雾剂
口腔炎气雾剂
口炎胶囊
口炎颗粒
口炎片
口炎清含片
口炎清胶囊
口炎清咀嚼片
口炎清颗粒
口炎清片
口疳吹药
枯草杆菌、肠球菌二联活菌
枯草杆菌、肠球菌二联活菌多维
枯草杆菌二联活菌
枯草杆菌活菌
枯草芽孢杆菌
苦柏止痒洗液
苦参碱
苦参碱氯化钠
苦参碱葡萄糖
苦参胶囊
苦参膜
苦参凝胶
苦参皮炎散
苦参片
苦参软膏
苦参栓
苦参素
苦参素氯化钠
苦参素葡萄糖
苦参阴道泡腾片
苦参疱疹酊
苦丹丸
苦胆草胶囊
苦胆草片
苦胆片
苦胆丸
苦碟子注射液
苦丁降压胶囊
苦豆子片
苦豆子油搽剂
苦甘胶囊
苦甘颗粒
苦黄颗粒
苦黄注射液
苦金片
苦木注射液
苦双黄洗剂
苦栀颗粒
快胃片
快胃舒肝丸
快应茶
宽胸利膈丸
宽胸气雾剂
宽胸舒气化滞丸
宽中老蔻丸
宽中顺气丸
狂犬病人免疫球蛋白
溃得康颗粒
溃平宁胶囊
溃平宁颗粒
溃疡胶囊
溃疡颗粒
溃疡灵胶囊
溃疡宁胶囊
溃疡宁片
溃疡片
溃疡散胶囊
坤宝丸
坤复康胶囊
坤复康片
坤净栓
坤灵丸
坤宁颗粒
坤宁口服液
坤顺丸
坤泰胶囊
坤元通乳口服液
坤月安颗粒
昆明山海棠片
昆仙胶囊
昆脂愈肤油
拉克替醇
拉米夫定
拉莫三嗪
拉坦前列素
拉坦噻吗
拉替拉韦
拉替拉韦钾
拉西地平
拉氧头孢钠
拉呋替丁
蜡样芽胞杆菌
蜡样芽孢杆菌活菌
辣椒颠茄
辣椒颠茄贴膏
辣椒风湿膏
辣椒风湿膏药
辣椒风湿凝胶
辣椒碱
辣椒酊
莱葛颗粒
莱阳梨膏
莱阳梨止咳颗粒
莱阳梨止咳口服液
莱阳梨止咳糖浆
来氟米特
来那度胺
来曲唑
来昔决南钐[153Sm]
赖氨肌醇维B12
赖氨匹林
赖氨葡锌
赖氨酸茶碱
赖氨酸磷酸氢钙
赖氨酸王浆液
赖氨酸维B12
赖氨酸锌
赖脯胰岛素
赖诺普利
赖诺普利氢氯噻嗪
蓝荷明合剂
蓝花药
蓝蒲解毒片
蓝芷安脑胶囊
蓝芩颗粒
蓝芩口服液
蓝芪降脂合剂
阑尾灵颗粒
阑尾消炎片
阑尾消炎丸
兰草胶囊
兰草颗粒
兰草片
兰花咳宁片
兰瑞肽
兰索拉唑
烂耳散
烂积丸
狼疮丸
劳拉西泮
老范志万应神曲
老年咳喘胶囊
老年咳喘片
老蔻丸
老鹳草膏
老鹳草软膏
酪酸梭肠球菌三联活菌
酪酸梭菌、双歧杆菌二联活菌
酪酸梭菌肠球菌三联活菌
酪酸梭菌二联活菌
酪酸梭菌活菌
酪酸梭菌糖化菌肠球菌活菌
勒马回胶囊
勒马回片
勒马回注射液
乐儿康颗粒
乐儿康糖浆
乐脉分散片
乐脉胶囊
乐脉颗粒
乐脉片
乐脉丸
乐孕宁颗粒
乐孕宁口服液
雷贝拉唑钠
雷公藤多苷
雷公藤多甙
雷公藤口服制剂
雷公藤内酯
雷公藤片
雷公藤双层片
雷公藤总萜片
雷龙片
雷络酯片
雷米普利
雷奈酸锶
雷替曲塞
雷丸胶囊
雷丸片
雷珠单抗
肋柱花四味汤散
黎峒丸
理气定喘丸
理气化瘀口服液
理气活血滴丸
理气暖胃颗粒
理气舒心片
理中片
理中丸
理中丸(党参理中丸 浓缩丸)
理中丸(党参理中丸)
莉芙敏片
荔花鼻窦炎片
利奥西呱
利巴韦林
利巴韦林氯化钠
利巴韦林葡萄糖
利鼻片
利丙双卡因
利胆八味散
利胆解毒胶囊
利胆排石胶囊
利胆排石颗粒
利胆排石片
利胆排石散
利胆片
利胆清丸
利胆石颗粒
利胆舒胶囊
利胆止痛胶囊
利胆止痛片
利多布比卡因
利多卡因
利多卡因氯己定
利儿康合剂
利儿康口服液
利尔眠胶囊
利尔眠片
利伐沙班
利凡诺
利肺胶囊
利肺片
利夫康洗剂
利福布汀
利福定
利福霉素钠
利福霉素钠氯化钠
利福喷丁
利福平
利福平(Ⅱ)
利福平异烟肼
利福昔明
利肝和胃丸
利肝康片
利肝隆胶囊
利肝隆颗粒
利肝隆片
利肝片
利格列汀
利格列汀二甲双胍(Ⅰ)
利格列汀二甲双胍(Ⅱ)
利可君
利口清含漱液
利拉鲁肽
利拉萘脂
利拉萘酯
利鲁唑
利奈唑胺
利奈唑胺葡萄糖
利脑心胶囊
利脑心片
利尿八味散
利培酮
利培酮微球
利匹韦林
利塞膦酸钠
利石通口服液
利舒康胶囊
利斯的明
利司那肽
利托那韦
利妥昔单抗
利心丸
利血平
利咽含片
利咽解毒颗粒
利咽颗粒
利咽灵片
利扎曲普坦
利膈丸
痢必灵片
痢速宁片
痢特敏胶囊
痢特敏颗粒
痢特敏片
痢泻灵片
沥水调脂胶囊
力补金秋胶囊
力加寿片
联苯双脂
联苯双酯
联苯乙酸
联苯苄唑
联苯苄唑尿素
联磺甲氧芐啶
联磺甲氧苄啶
莲必治注射液
莲胆消炎滴丸
莲胆消炎胶囊
莲胆消炎颗粒
莲胆消炎片
莲花峰茶
莲心胶囊
莲芝消炎滴丸
莲芝消炎分散片
莲芝消炎胶囊
莲芝消炎片
莲芝消炎软胶囊
莲芪胶囊
连柏烧伤膏
连柏烧伤软膏
连参通淋片
连番止泻胶囊
连花清瘟胶囊
连花清瘟颗粒
连花清瘟片
连蒲双清胶囊
连蒲双清片
连翘败毒膏
连翘败毒片
连翘败毒丸
连翘四味胶囊
连翘四味汤散
连苏胶囊
连知解毒胶囊
连芩珍珠滴丸
链激酶
链霉蛋白酶
凉解感冒合剂
凉血解毒颗粒
凉血十味片
凉血十味散
凉血退热排毒丸
凉血祛风糖浆
凉膈丸
梁财信跌打丸
良附滴丸
良附软胶囊
良附丸
良姜胃疡胶囊
良园枇杷叶膏
两面针镇痛片
两性霉素
两性霉素B
两性霉素B脂质体
两仪膏
亮菌甲素
亮菌甲素氯化钠
亮菌甲素葡萄糖
亮菌口服溶液
疗肺宁片
疗癣卡西甫散
疗癣卡西甫丸
疗痔胶囊
辽源七厘散
了哥王胶囊
了哥王咀嚼片
了哥王颗粒
了哥王片
林旦
林可霉素利多卡因
林可霉素维B6
磷[32P]酸钠
磷霉素氨丁三醇
磷霉素钙
磷霉素钙甲氧苄啶
磷霉素钠
磷酸奥司他韦
磷酸苯丙哌林
磷酸苯丙哌啉
磷酸丙吡胺
磷酸伯氨喹
磷酸川芎嗪
磷酸川芎嗪(供静脉注射用)
磷酸川芎嗪氯化钠
磷酸川芎嗪葡萄糖
磷酸雌莫司汀
磷酸氟达拉滨
磷酸肌酸钠
磷酸咯萘啶
磷酸可待因
磷酸利美尼定
磷酸芦可替尼
磷酸铝
磷酸氯喹
磷酸钠盐
磷酸氢钙
磷酸氢钙维生素D
磷酸素钠甲氧苄啶
磷酸西格列汀
磷酸腺嘌呤
磷酸盐
磷酸盐缓冲盐水
磷酸盐缓冲液
磷酸依托泊苷
磷酸组胺
磷酸萘酚喹
磷酸吡哆醛丁咯地尔
磷酸哌喹
磷酸哌嗪
临江风药
邻碘[131I]马尿酸钠
羚贝止咳糖浆
羚黄氨咖敏
羚黄宝儿丸
羚翘解毒颗粒
羚翘解毒口服液
羚翘解毒片
羚翘解毒丸
羚羊感冒胶囊
羚羊感冒颗粒
羚羊感冒口服液
羚羊感冒片
羚羊感冒软胶囊
羚羊角滴丸
羚羊角胶囊
羚羊角颗粒
羚羊角口服液
羚羊角散
羚羊角注射液
羚羊清肺胶囊
羚羊清肺颗粒
羚羊清肺散
羚羊清肺丸
羚珠散
羚芎胶囊
羚竺散
灵宝护心丹
灵宝如意丸
灵丹草合剂
灵丹草胶囊
灵丹草颗粒
灵丹草片
灵丹草软胶囊
灵杆菌多糖
灵精胶囊
灵莲花颗粒
灵龙感冒胶囊
灵猫香解毒丸
灵猫香散
灵仙跌打胶囊
灵仙跌打片
灵益胶囊
灵源万应茶
灵泽片
灵芝北芪胶囊
灵芝北芪片
灵芝袋泡茶
灵芝滴丸
灵芝二维甲硫氨酸
灵芝分散片
灵芝桂圆酒
灵芝红花安神口服液
灵芝胶囊
灵芝绞股蓝口服液
灵芝浸膏片
灵芝菌合剂
灵芝菌片
灵芝颗粒
灵芝口服液
灵芝片
灵芝双参口服液
灵芝糖浆
灵芝益寿胶囊
灵芝茵陈胶囊
灵芝孢子粉胶囊
灵芪茶
灵芪红胶囊
灵芪加口服液
灵芪养心胶囊
灵芪养心口服液
灵苓胶囊
灵孢多糖
灵杞益肝口服液
岭南黑鬼油
岭南万应止痛膏
岭南正红花油
硫代硫酸钠
硫化钠薄荷脑
硫磺
硫磺硼砂
硫氯酚
硫鸟嘌呤
硫喷妥
硫喷妥钠
硫普罗宁
硫普罗宁钠
硫软膏
硫酸阿巴卡韦
硫酸阿米卡星
硫酸阿米卡星氯化钠
硫酸阿奇霉素
硫酸阿托品
硫酸阿扎那韦
硫酸氨基葡萄糖
硫酸氨基葡萄糖钾
硫酸氨基葡萄糖氯化钾
硫酸巴龙霉素
硫酸钡
硫酸钡(Ⅰ型)
硫酸钡(Ⅰ型)(160%)
硫酸钡(Ⅰ型)(70%)
硫酸钡(Ⅱ型)
硫酸长春地辛
硫酸长春碱
硫酸长春新碱
硫酸丁胺卡那霉素
硫酸多粘菌素B
硫酸核糖霉素
硫酸卷曲霉素
硫酸卡那霉素
硫酸抗敌素
硫酸奎尼丁
硫酸奎宁
硫酸链霉素
硫酸铝钾鞣酸
硫酸罗通定
硫酸吗啡
硫酸镁
硫酸镁葡萄糖
硫酸钠
硫酸奈替米星
硫酸奈替米星氯化钠
硫酸奈替米星葡萄糖
硫酸普拉睾酮钠
硫酸氢氯吡格雷
硫酸庆大霉素
硫酸庆大霉素氟米龙
硫酸庆大霉素氯化钠
硫酸庆大霉素碳酸铋
硫酸软骨素
硫酸软骨素A钠
硫酸软骨素钠
硫酸沙丁胺醇
硫酸沙丁胺醇(Ⅱ)
硫酸四氢帕马丁
硫酸特布他林
硫酸特布他林氯化钠
硫酸头孢匹罗
硫酸头孢噻利
硫酸妥布霉素
硫酸妥布霉素氯化钠
硫酸西索米星
硫酸西索米星氯化钠
硫酸小诺霉素
硫酸小诺霉素氯化钠
硫酸锌
硫酸锌尿囊素
硫酸新霉素
硫酸亚铁
硫酸依替米星
硫酸依替米星氯化钠
硫酸异丙肾上腺素
硫酸异帕米星
硫酸鱼精蛋白
硫酸粘菌素
硫酸茚地那韦
硫酸胍乙啶
硫酸黏菌素
硫酸羟氯喹
硫糖铝
硫糖铝小檗碱
硫辛酸
硫唑嘌呤
流感病毒裂解疫苗
流感病毒亚单位疫苗
流感病毒亚单位佐剂疫苗
流感茶
流感全病毒灭活疫苗
流感丸
流行性感冒病毒裂解疫苗
流行性感冒灭活疫苗
柳胺酚
柳薄樟敏
柳氮磺吡啶
柳酚咖敏
柳条膏
柳烯酸
柳栎浸膏
六氟化硫
六和茶
六和定中丸
六合氨基酸
六合定中丸
六合维生素
六甲蜜胺
六经头痛片
六君生发胶囊
六君子丸
六灵含片
六灵解毒丸
六灵丸
六锐胶囊
六神胶囊
六神凝胶
六神曲
六神软膏
六神丸
六神祛暑水
六维胶丸
六维磷脂
六味安神胶囊
六味安消胶囊
六味安消片
六味安消散
六味安消丸
六味白莲酊
六味补血胶囊
六味补血颗粒
六味大托叶云实散
六味地黄滴丸
六味地黄膏
六味地黄胶囊
六味地黄咀嚼片
六味地黄颗粒
六味地黄口服液
六味地黄片
六味地黄软胶囊
六味地黄丸
六味地黄丸(异型小蜜丸)
六味丁香片
六味防脱生发酊
六味寒水石散
六味锦鸡儿汤散
六味明目丸
六味木香胶囊
六味木香散
六味木香丸
六味能消胶囊
六味能消片
六味能消丸
六味清热茶
六味伤复宁酊
六味生脉片
六味石榴胶囊
六味丸
六味五灵片
六味西红花口服液
六味香连胶囊
六味消痔胶囊
六味消痔片
六味增食合剂
六味壮骨颗粒
六味枸杞口服液
六味祛风活络膏
六一散
六应丸
龙参补益膏
龙参补益颗粒
龙丹通络胶囊
龙胆苏打
龙胆碳酸氢钠
龙胆泻肝胶囊
龙胆泻肝颗粒
龙胆泻肝口服液
龙胆泻肝片
龙胆泻肝软胶囊
龙胆泻肝丸
龙胆紫溶液
龙胆酊
龙灯胶囊
龙蛾酒
龙凤宝胶囊
龙凤宝片
龙骨颈椎胶囊
龙虎人丹
龙加通络胶囊
龙金通淋胶囊
龙菊清肝胶囊
龙鹿胶囊
龙鹿丸
龙牡壮骨咀嚼片
龙牡壮骨颗粒
龙脑安神丸
龙七胃康片
龙生蛭胶囊
龙虱补肾酒
龙首颗粒
龙香平喘胶囊
龙心素胶囊
龙血竭酚类提取物
龙血竭含片
龙血竭胶囊
龙血竭片
龙血竭散
龙血通络胶囊
龙牙肝泰胶囊
龙燕补肾酒
龙枣胶囊
龙泽熊胆胶囊
龙掌口含液
龙掌泡腾颗粒
龙珠平亢丸
龙珠软膏
龙芪颗粒
龙芪溶栓肠溶胶囊
龙苓春合剂
龙苓春药酒
龙荟丸
陇马陆胃药胶囊
陇马陆胃药片
楼莲胶囊
芦丁片
芦根枇杷叶颗粒
芦笋菠萝蛋白酶
芦笋胶囊
芦笋颗粒
芦笋口服液
芦笋片
芦荟珍珠胶囊
卢立康唑
颅痛宁颗粒
炉甘石
炉甘石薄荷脑
卤米松
卤米松/三氯生
露水草胶囊
路路通益母膏
路路通注射液
鹿鞭补酒
鹿鞭回春胶囊
鹿川活络胶囊
鹿丹芪胶囊
鹿地益元酒
鹿骨胶
鹿瓜多肽
鹿角胶
鹿角胶颗粒
鹿筋壮骨酒
鹿精培元胶囊
鹿精培元酒
鹿茸参鞭酒
鹿茸胶
鹿茸胶囊
鹿茸精注射液
鹿茸口服液
鹿茸片
鹿茸洋参片
鹿蓉颗粒
鹿首安神颗粒
鹿胎膏
鹿胎胶囊
鹿胎颗粒
鹿胎软胶囊
鹿尾鞭酒
鹿尾补肾丸
鹿仙补肾口服液
鹿仙补肾片
鹿阳强肾胶囊
潞党参膏滋
潞党参口服液
陆氏润字丸
陆英胶囊
陆英颗粒
陆英片
陆英糖浆
驴胶补血颗粒
驴胶补血丸
铝镁(II)
铝镁颠茄
铝镁二甲硅油
铝镁混悬液
铝镁加
铝镁咀嚼片
铝镁匹林
铝镁匹林(Ⅱ)
铝镁司片
铝钠颠茄
铝碳酸镁
氯贝丁酯
氯贝酸铝
氯丙嗪异丙嗪
氯氮平
氯氮卓
氯碘羟喹
氯法齐明
氯芬待因
氯芬黄敏
氯芬那酸
氯氟卓乙酯
氯化氨基汞
氯化钙
氯化钙溴化钠
氯化钾
氯化钾环戊噻嗪
氯化钾氯化钠
氯化钾葡萄糖
氯化钠
氯化钠(红细胞洗涤用)
氯化筒箭毒碱
氯化亚铊[201Tl]
氯化琥珀胆碱
氯化铵
氯化锶[89Sr]
氯磺丙脲
氯己定苯佐卡因
氯己定甲硝唑
氯解磷定
氯咖甘
氯雷氨酚伪麻
氯雷他定
氯雷他定伪麻黄碱
氯雷伪麻
氯雷伪麻(Ⅰ)
氯雷伪麻Ⅱ
氯霉素
氯霉素甘油
氯霉素氢化可的松
氯美扎酮
氯诺昔康
氯普噻吨
氯屈膦酸二钠
氯沙坦钾
氯沙坦钾氢氯噻嗪
氯沙坦氢氯噻嗪
氯替泼诺
氯替泼诺妥布霉素
氯烯雌醚
氯硝柳胺
氯硝西泮
氯氧喹
氯吡格雷
氯哌噻吨
氯唑沙宗
氯唑西林钠
氯喹那多-普罗雌烯
氯喹那多/普罗雌烯
氯噻酮
氯膦酸二钠
滤白病毒灭活血浆
滤白辐照血
滤白红细胞悬液
滤白冷沉淀
滤白全血
滤白洗涤红细胞
滤白血浆
绿荷清脂茶
绿及咳喘颗粒
绿梅止泻颗粒
绿脓杆菌
绿袍散
绿茸益血胶囊
绿雪
绿雪胶囊
绿子活血化瘀茶
绿萼点舌丸
卵磷脂
卵磷脂络合碘
轮状病毒活疫苗
萝藤安神片
萝芙木
螺内酯
螺旋霉素
螺旋藻胶囊
螺旋藻片
罗补甫克比日丸
罗布麻
罗布麻茶
罗布麻降压胶囊
罗布麻降压片
罗布麻浸膏
罗布麻叶胶囊
罗布麻叶颗粒
罗布麻叶片
罗浮山百草油
罗浮山风湿膏药
罗浮山凉茶颗粒
罗格列酮
罗格列酮钠
罗汉茶化浊颗粒
罗汉果茶
罗汉果菊花颗粒
罗汉果银花含片
罗汉果玉竹颗粒
罗汉果止咳膏
罗汉果止咳胶囊
罗汉果止咳片
罗汉果止咳糖浆
罗红霉素
罗红霉素(Ⅱ)
罗红霉素氨溴索
罗黄降压片
罗己降压片
罗库溴铵
罗通定
罗西维林
罗珍胶囊
裸花紫珠分散片
裸花紫珠合剂
裸花紫珠胶囊
裸花紫珠颗粒
裸花紫珠片
裸花紫珠软胶囊
裸花紫珠栓
落花参片
洛铂
洛布桑胶囊
洛度沙胺
洛度沙胺氨丁三醇
洛伐他汀
洛芬待因
洛芬葡锌那敏
洛莫司汀
洛匹那韦/利托那韦
洛索洛芬
洛索洛芬钠
络通酊
络瘀通胶囊
麻风腮联合减毒活疫苗
麻桂感冒丸
麻黄碱苯海拉明
麻黄止嗽胶囊
麻黄止嗽丸
麻姜胶囊
麻姜颗粒
麻敏维C
麻仁合剂
麻仁胶囊
麻仁软胶囊
麻仁润肠软胶囊
麻仁润肠丸
麻仁丸
麻仁滋脾丸
麻腮风联合减毒活疫苗
麻苏止咳颗粒
麻杏甘石合剂
麻杏甘石软胶囊
麻杏宣肺颗粒
麻杏止咳膏
麻杏止咳胶囊
麻杏止咳糠浆
麻杏止咳颗粒
麻杏止咳片
麻杏止咳糖浆
麻杏止咳糖丸
麻疹、腮腺炎二联活疫苗
麻疹、腮腺炎二联减毒活疫苗
麻疹风疹联合减毒活疫苗
麻疹减毒活疫苗
麻疹腮腺炎风疹联合减毒活疫苗
麻疹腮腺炎联合减毒活疫苗
麻芩消咳颗粒
麻芩止咳糖浆
玛木然止泻胶囊
蚂蚁双参通痹丸
马拉韦罗
马来酸阿法替尼
马来酸阿奇霉素
马来酸氨氯地平
马来酸多潘立酮
马来酸恩替卡韦
马来酸非尼拉敏盐酸萘甲唑啉
马来酸氟伏沙明
马来酸氟吡汀
马来酸桂哌齐特
马来酸氯苯那敏
马来酸罗格列酮
马来酸麦角新碱
马来酸曲美布汀
马来酸替加色罗
马来酸依那普利
马来酸依那普利叶酸
马来酸伊索拉定
马来酸右旋噻吗洛尔
马来酸左旋氨氯地平
马来酸茚达特罗
马来酸哌克昔林
马来酸咪达唑仑
马来酸噻吗洛尔
马兰感寒胶囊
马栗种子提取物
马栗种子提取物片
马洛替酯
马尿酸乌洛托品
马破伤风免疫球蛋白
马破伤风免疫球蛋白(F(ab')2)
马钱子散
马昔腾坦
马应龙八宝眼粉
马应龙八宝眼膏
马应龙麝香痔疮膏
马鬃蛇药酒
马蔺子素
马吲哚
吗多明
吗啡
吗啡阿托品
吗氯贝胺
吗替麦考酚酯
吗啉硝唑氯化钠
吗啉呱
麦白霉素
麦当乳通颗粒
麦迪霉素
麦冬十三味丸
麦格司他
麦角胺咖啡因
麦角隐亭咖啡因
麦精鱼肝油
麦考酚
麦考酚钠
麦神开胃口服液
麦味地黄合剂
麦味地黄胶囊
麦味地黄口服液
麦味地黄片
麦味地黄丸
麦芽片
麦芪降糖丸
迈之灵
迈之灵片
脉安冲剂
脉安颗粒
脉管复康胶囊
脉管复康片
脉君安片
脉康合剂
脉络宁颗粒
脉络宁口服液
脉络宁注射液
脉络舒通颗粒
脉络舒通丸
脉络通
脉络通胶囊
脉络通颗粒
脉络通片
脉平片
脉舒胶囊
脉舒平袋泡茶
脉血康肠溶片
脉血康胶囊
脉血康片
蛮龙液
满金止咳片
满山白胶囊
满山白颗粒
满山白片
满山白糖浆
满山红油滴丸
满山红油胶丸
满山香片
慢肝解郁胶囊
慢肝解郁丸
慢肝宁胶囊
慢肝宁片
慢肝养阴胶囊
慢肝养阴片
慢惊丸
慢肾宝合剂
慢肾宁合剂
慢咽宁袋泡茶
慢支固本颗粒
慢支紫红丸
芒果止咳片
猫爪草胶囊
毛冬青胶囊
毛冬青片
毛冬青注射液
毛花苷丙
毛鸡补血酒
毛鸡药酒
毛萼香茶菜清热利咽片
矛头蝮蛇血凝酶
茂隆万应莪术油
玫参补肾口服液
玫瑰花口服液
玫瑰花糖膏
玫果口服液
玫芦消痤膏
梅毒螺旋体抗体诊断试剂盒(双抗原夹心法)
梅花点舌胶囊
梅花点舌片
梅花点舌丸
梅花润肺口服液
梅苏颗粒
梅苏丸
梅翁退热颗粒
梅翁退热片
煤酚皂溶液
煤焦油
镁钙维C
镁加铝
美尔伪麻
美法仑
美芬丁胺
美芬那敏铵
美芬伪麻
美酚伪麻
美国洋参丸
美罗培南
美洛昔康
美洛西林钠
美洛西林钠舒巴坦钠
美洛西林钠舒巴坦钠(4:1)
美敏伪麻
美诺平颗粒
美欧卡霉素
美帕曲星
美扑伪麻
美曲伪麻
美沙拉秦
美沙拉嗪
美声喉泰含片
美司钠
美司那
美索巴莫
美他多辛
美替洛尔
美托洛尔氯化钠
美息伪麻
美息伪麻拉明
美辛唑酮
美辛唑酮红古豆醇酯
美雄酮
美愈伪麻
美羧伪麻
媚灵丸
门冬氨酸阿奇霉素
门冬氨酸氨氯地平
门冬氨酸钙
门冬氨酸钾
门冬氨酸钾镁
门冬氨酸钾镁木糖醇
门冬氨酸钾镁葡萄糖
门冬氨酸洛美沙星
门冬氨酸洛美沙星氯化钠
门冬氨酸洛美沙星葡萄糖
门冬氨酸鸟氨酸
门冬氨酸帕瑞肽
门冬胰岛素
门冬胰岛素30
门冬胰岛素50
门冬酰胺
门冬酰胺酶
蒙花锚肝宁片
蒙脱石
锰福地吡三钠
孟鲁司特钠
糜蛋白酶
米贝地尔
米氮平
米非司酮
米非司酮Ⅱ
米格来宁
米格列醇
米格列奈钙
米古来宁
米卡芬净
米卡芬净钠
米库氯铵
米拉贝隆
米力农
米力农氯化钠
米力农葡萄糖
米诺地尔
米曲菌胰酶
米索前列醇
秘诀清凉胶囊
秘诀清凉散
秘制舒肝丸
秘治胶囊
泌感颗粒
泌淋胶囊
泌淋颗粒
泌淋清胶囊
泌尿宁胶囊
泌尿宁颗粒
泌宁胶囊
泌石通胶囊
蜜炼川贝枇杷膏
蜜桶花胶囊
蜜桶花颗粒
棉酚氯化钾维B
眠安康口服液
眠安宁
眠安宁合剂
眠安宁胶囊
眠安宁颗粒
眠安宁口服液
妙济丸
妙灵丸
灭澳灵片
灭滴栓
灭活埃希的松
灭菌结晶磺胺
灭菌前列腺素E2
灭菌注射用水
明菊合剂
明目拨云散
明目地黄胶囊
明目地黄丸
明目地黄丸(浓缩丸)
明目二十五味丸
明目上清片
明目上清丸
明目十六味丸
明目羊肝丸
明目滋肾片
明目蒺藜丸
明通治伤风颗粒
明泽胶囊
明珠口服液
明藿降脂颗粒
磨积散
摩罗丹
摩罗丹(浓缩丸)
摩罗口服液
莫海林
莫家清宁丸
莫匹罗星
牡荆油
牡荆油滴丸
牡荆油胶丸
牡荆油乳
牡蛎钙
牡蛎碳酸钙
母牛分枝杆菌
母乳多颗粒
木丹颗粒
木耳舒筋丸
木瓜酒
木瓜酶
木瓜片
木瓜丸
木瓜药酒
木瓜壮骨丸
木竭胶囊
木糖醇
木糖醇氯化钠
木通屋奇应丸(金粒)
木通屋奇应丸(银粒)
木香分气丸
木香理气片
木香理气丸
木香顺气颗粒
木香顺气丸
木香通气丸
木香槟榔丸
钠钾镁钙葡萄糖
钠钾葡萄糖
钠石灰
那氟沙星
那格列奈
那可丁
那敏伪麻
那曲肝素钙
那屈肝素钙
那如八味丸
那如三味片
那如三味丸
那他霉素
纳米炭
奈达铂
奈非那韦
奈莫必利
奈韦拉平
奈韦拉平司他拉米双夫定(Ⅱ)
南板蓝根颗粒
男宝胶囊
男春宝胶囊
男春宝颗粒
男康片
囊虫丸
脑安滴丸
脑安胶囊
脑安颗粒
脑安片
脑安软胶囊
脑蛋白水解物
脑蛋白水解物氯化钠
脑得生袋泡茶
脑得生袋泡剂
脑得生胶囊
脑得生咀嚼片
脑得生颗粒
脑得生片
脑得生丸
脑康泰胶囊
脑康泰片
脑乐静
脑乐静胶囊
脑乐静颗粒
脑乐静口服液
脑乐静片
脑乐静糖浆
脑立清
脑立清胶囊
脑立清片
脑立清丸
脑力宝丸
脑力静胶囊
脑力静颗粒
脑力静糖浆
脑灵胶囊
脑灵片
脑灵素胶囊
脑灵素片
脑络通
脑络通胶囊
脑脉利颗粒
脑脉泰胶囊
脑脉泰口服液
脑膜炎球菌多糖疫苗稀释液
脑宁糖浆
脑塞安胶囊
脑塞通丸
脑栓康复胶囊
脑栓通胶囊
脑心安胶囊
脑心清胶囊
脑心清片
脑心舒口服液
脑心通胶囊
脑心通片
脑心通丸
脑血康滴丸
脑血康胶囊
脑血康颗粒
脑血康口服液
脑血康片
脑血康丸
脑血疏口服液
脑血栓片
脑震宁颗粒剂
脑苷肌肽
脑肽胶囊
内补养荣丸
内消瘰疠丸
内消瘰疬片
内消瘰疬丸
能安均宁胶囊
能安均宁散
尼达尼布
尼尔雌醇
尼氟酸
尼古丁
尼可地尔
尼可刹米
尼洛替尼
尼麦角林
尼美舒利
尼莫地平
尼群地平
尼群洛尔
尼索地平
尼妥珠单抗
尼扎替丁
尿促卵泡素
尿促性素
尿毒灵灌肠液
尿毒灵软膏
尿毒排析散
尿毒清颗粒
尿多酸肽
尿感宁颗粒
尿激酶
尿路康颗粒
尿路通胶囊
尿路通片
尿囊素铝
尿清舒颗粒
尿塞通胶囊
尿塞通片
尿石通丸
尿素
尿素(14C)
尿素[13C]
尿素[14C]
尿素维E
尿通卡克乃其片
尿嘧啶替加氟
柠檬烯
凝结芽孢杆菌活菌
凝血酶
宁坤丸
宁坤养血丸
宁泌泰胶囊
宁清泰颗粒
宁神补心胶囊
宁神补心片
宁神定志丸
宁神灵胶囊
宁神灵颗粒
宁神丸
宁嗽化痰丸
宁嗽露
宁嗽露糖浆
宁嗽糖浆
宁嗽丸
宁心安神胶囊
宁心安神颗粒
宁心宝胶囊
宁心宝口服液
宁心补肾丸
宁心益肾口服液
宁心益智胶囊
宁心益智口服液
牛痘疫苗接种家兔炎症皮肤提取物
牛痘疫苗致炎兔皮提取物
牛肺表面活性剂
牛黄安心丸
牛黄抱龙片
牛黄抱龙丸
牛黄化毒片
牛黄降压胶囊
牛黄降压片
牛黄降压丸
牛黄解毒胶囊
牛黄解毒片
牛黄解毒软胶囊
牛黄解毒丸
牛黄净脑片
牛黄宁宫片
牛黄千金散
牛黄清肺片
牛黄清肺散
牛黄清感胶囊
牛黄清宫丸
牛黄清火丸
牛黄清脑开窍丸
牛黄清脑丸
牛黄清热胶囊
牛黄清热散
牛黄清胃丸
牛黄清心丸
牛黄清心丸(局方)
牛黄上清胶囊
牛黄上清片
牛黄上清软胶囊
牛黄上清丸
牛黄蛇胆川贝滴丸
牛黄蛇胆川贝胶囊
牛黄蛇胆川贝片
牛黄蛇胆川贝软胶囊
牛黄蛇胆川贝散
牛黄蛇胆川贝液
牛黄十三味丸
牛黄西羚丸
牛黄消炎灵胶囊
牛黄消炎灵丸
牛黄消炎片
牛黄消炎丸
牛黄醒脑丸
牛黄醒消丸
牛黄益金片
牛黄镇惊丸
牛黄至宝丸
牛黄痔清栓
牛黄噙化丸
牛磺酸
牛磺熊去氧胆酸
牛尾蒿油滴丸
牛尾蒿油软胶囊
牛鲜茶
牛至肝康丸
扭伤膏
扭伤归胶囊
浓碘甘油
浓过氧化氢
浓甲硝唑
浓氯化钠
浓煤焦油
浓缩当归丸
浓缩水牛角颗粒
浓缩水牛角片
浓缩养荣丸
浓替硝唑
浓维磷
浓戊二醛
女宝胶囊
女金丹丸
女金胶囊
女金片
女金糖浆
女金丸
女科十珍丸
女珍颗粒
女贞子膏
女贞子糖浆
暖宫七味散
暖宫七味丸
暖宫孕子胶囊
暖宫孕子片
暖宫孕子丸
暖脐膏
暖胃舒乐胶囊
暖胃舒乐颗粒
暖胃舒乐片
诺迪康胶囊
诺迪康颗粒
诺迪康口服液
诺迪康片
诺氟沙星
诺氟沙星葡萄糖
诺氟沙星锌
欧车前亲水胶
欧车前亲水胶散剂
欧龙马滴剂
帕歌斯
帕歌斯片
帕拉米韦
帕拉米韦氯化钠
帕利哌酮
帕立骨化醇
帕米膦酸二钠
帕米膦酸二钠葡萄糖
帕尼培南倍他米隆
帕瑞昔布钠
帕司烟肼
帕朱胶囊
帕朱丸
排毒降脂胶囊
排毒清脂胶囊
排毒清脂颗粒
排毒清脂片
排毒清脂软胶囊
排毒养颜胶囊
排毒养颜片
排石颗粒
排石利胆胶囊
排石利胆颗粒
排石利胆片
排石通淋口服液
盘龙七片
盘龙七药酒
炮天红酒
胚宝胶囊
培坤丸
培美曲塞二钠
培门冬酶
培元通脑胶囊
培哚普利
培哚普利叔丁胺
培哚普利吲达帕胺
培唑帕尼
喷他佐辛
喷他脒
喷替酸钙钠
喷托维林氯化铵
喷托维林愈创甘油醚
喷昔洛韦
盆炎净胶囊
盆炎净咀嚼片
盆炎净颗粒
盆炎净口服液
盆炎净片
盆炎清栓
硼砂甘油钾
硼酸
硼酸冰片
硼酸氧化锌
硼酸氧化锌冰片
硼替佐米
脾氨肽
脾多肽
脾粉片
脾肾两助丸
脾肾双补丸
脾舒宁颗粒
脾胃健口服液
脾胃舒丸
皮肤病血毒片
皮肤病血毒丸
皮肤康洗液
皮敏消胶囊
皮上划痕用鼠疫活疫苗
匹多莫德
匹伐他汀钙
匹林咖敏
匹莫林
匹维溴铵
偏瘫复原丸
片仔癀
片仔癀胶囊
苹果酸氯波比利
苹果酸氯波必利
苹果酸奈诺沙星
苹果酸舒尼替尼
平安丸
平喘抗炎胶囊
平喘益气颗粒
平肝舒络丸
平衡盐
平渴颗粒
平溃散
平痛新
平胃片
平胃丸
平消胶囊
平消片
平眩胶囊
平痔胶囊
屏风生脉胶囊
泼尼松龙
破伤风抗毒素
破伤风人免疫球蛋白
扑尔伪麻
扑感片
扑米酮
葡钙维B1
葡甘聚糖
葡醛内酯
葡醛酸钠
葡醛酸钠氯化钠
葡萄球菌A蛋白
葡萄糖
葡萄糖电解质
葡萄糖粉剂
葡萄糖氯化钙
葡萄糖氯化钠
葡萄糖氯化钠钾
葡萄糖酸钙
葡萄糖酸钙(无糖型)
葡萄糖酸钙氯化钠
葡萄糖酸钙维D2
葡萄糖酸钙维D2(Ⅱ)
葡萄糖酸钙锌
葡萄糖酸红霉素
葡萄糖酸氯己定
葡萄糖酸镁
葡萄糖酸锑钠
葡萄糖酸锌
葡萄糖酸亚铁
葡萄糖酸依诺沙星
葡萄糖鱼肝油
蒲参胶囊
蒲地蓝消炎胶囊
蒲地蓝消炎口服液
蒲地蓝消炎片
蒲公英胶囊
蒲公英颗粒
蒲公英片
蒲黄胶囊
蒲黄片
蒲郁胶囊
蒲元和胃胶囊
蒲苓盆炎康颗粒
朴沉化郁丸
朴实颗粒
普伐他汀钠
普济丸
普济痔疮栓
普拉洛芬
普拉睾酮钠
普乐安胶囊
普乐安片
普卢利沙星
普鲁卡因泛酸钙
普鲁卡因青霉素
普鲁卡因肾上腺素
普仑司特
普罗布考
普罗雌烯
普罗碘铵
普罗瑞林
普洛萘尔
普瑞巴林
普适泰
七宝美髯胶囊
七宝美髯颗粒
七宝美髯口服液
七宝美髯丸
七鞭回春乐胶囊
七参连软膏
七参连湿疹膏
七氟烷
七价肺炎球菌结合疫苗
七厘胶囊
七厘软膏
七厘散
七生静片
七生力片
七十味松石丸
七十味珍珠丸
七维牛磺酸
七味榼藤子丸
七味刺榆颗粒
七味地骨胶囊
七味都气丸
七味肝胆清胶囊
七味肝胆清颗粒
七味红花殊胜散
七味红花殊胜丸
七味姜黄搽剂
七味解毒活血膏
七味解痛口服液
七味葡萄散
七味清咽气雾剂
七味沙参汤散
七味酸藤果丸
七味糖脉舒胶囊
七味糖脉舒片
七味天麻药酒
七味铁屑胶囊
七味铁屑丸
七味通痹口服液
七味胃痛胶囊
七味温阳胶囊
七味消渴胶囊
七味新消丸
七味血病丸
七味养心健脾胶囊
七味益气胶囊
七味诃子散
七味苁蓉酒
七味螃蟹甲丸
七香止痛丸
七星茶
七叶莲片
七叶莲酊
七叶神安滴丸
七叶神安分散片
七叶神安片
七叶洋地黄双苷
七叶皂苷钠
七珍丸
七制香附丸
七珠健胃茶
七子补肾酒
七子填精口服液
奇应内消膏
齐墩果酸
齐多夫定
齐多拉米双夫定
祁门蛇药片
启脾口服液
启脾丸
气管炎溶菌疫苗
气管炎丸
气管炎橡胶膏
气管炎疫苗
气痛丸
气血春口服液
气血固本口服液
气血和胶囊
气血和片
气血康胶囊
气血康口服液
气血康片
气血双补丸
气血双生合剂
气滞胃痛胶囊
气滞胃痛颗粒
气滞胃痛片
千柏鼻炎胶囊
千柏鼻炎片
千草脑脉通合剂
千斤肾安宁胶囊
千金保孕丸
千金茶
千金化痰丸
千金散
千金藤素片
千金藤啶碱
千金止带丸
千金止咳丸
千里光胶囊
千里光片
千山活血膏
千喜胶囊
千喜片
千紫红胶囊
千紫红颗粒
千紫红片
乾元丸
前列安栓
前列安通胶囊
前列安通片
前列倍喜胶囊
前列闭尔通栓
前列地尔
前列桂黄片
前列回春胶囊
前列回春片
前列回春丸
前列解毒胶囊
前列金丹胶囊
前列金丹片
前列康舒胶囊
前列宁胶囊
前列平胶囊
前列清茶
前列舒胶囊
前列舒乐胶囊
前列舒乐颗粒
前列舒乐泡腾片
前列舒乐片
前列舒乐软胶囊
前列舒乐丸
前列舒通胶囊
前列舒丸
前列泰胶囊
前列泰颗粒
前列泰片
前列泰丸
前列通胶囊
前列通片
前列通栓
前列通瘀胶囊
前列通瘀片
前列腺素E1
前列腺素E2
前列消胶囊
前列欣胶囊
前列癃闭通胶囊
前列癃闭通颗粒
前列癃闭通片
羌黄祛痹颗粒
羌月乳膏
强肝胶囊
强肝颗粒
强肝口服液
强肝片
强肝糖浆
强肝丸
强肝液
强骨胶囊
强骨生血口服液
强筋健骨胶囊
强筋健骨片
强筋健骨丸
强筋英雄丸
强力碘
强力定眩胶囊
强力定眩片
强力蜂乳浆胶丸
强力感冒片
强力健身胶囊
强力康颗粒
强力脑清素片
强力脑心康胶囊
强力脑心康口服液
强力脑心康片
强力宁胶囊
强力宁片
强力狮子油
强力天麻杜仲胶囊
强力天麻杜仲丸
强力止咳宁胶囊
强力止咳宁片
强力痔根断
强力枇杷膏
强力枇杷胶囊
强力枇杷颗粒
强力枇杷露
强力枇杷露(炼蜜)
强力枇杷软胶囊
强龙益肾胶囊
强龙益肾片
强身健脑胶囊
强身健脑片
强身胶囊
强身酒
强身颗粒
强身口服液
强身萝菠甫赛河里蜜膏
强身追风酒
强肾颗粒
强肾片
强肾养心胶囊
强肾镇痛丸
强心丸
强阳保肾丸
强腰壮骨膏
鞘蕊苏胶囊
鞘蕊苏口服液
翘栀牙痛颗粒
秦川通痹胶囊
秦川通痹片
秦归活络口服液
秦皮接骨胶囊
秦皮接骨片
青柏洁身洗液
青宝散
青大将丸
青娥丸
青蛤散
青果颗粒
青果片
青果丸
青果止嗽丸
青兰浸膏片
青羚散
青六散
青龙蛇药片
青梅感冒颗粒
青霉胺
青霉素
青霉素V
青霉素V钾
青霉素钾
青霉素钠
青霉素皮试剂
青鹏膏剂
青鹏软膏
青乳消颗粒
青石颗粒
青藤风湿酒
青阳参片
青叶胆胶囊
青叶胆片
青叶胆提取物
青蒿鳖甲片
青蒿素
青蒿素类药物
青蒿素哌喹
青蒿油软胶囊
青蒿琥酯
青蒿琥酯阿莫地喹
青黛散
青黛丸
轻身减肥胶囊
轻身减肥片
轻身消胖丸
轻舒颗粒
氢化可的松
氢化可的松新霉素
氢化可的松琥珀酸钠
氢化泼尼松
氢氯噻嗪
氢氯噻嗪可乐定
氢氧化钙
氢氧化铝
氢溴酸苯甲托品
氢溴酸东莨菪碱
氢溴酸二氢加兰他敏
氢溴酸高乌甲素
氢溴酸高乌甲素氯化钠
氢溴酸高乌甲素葡萄糖
氢溴酸后马托品
氢溴酸加兰他敏
氢溴酸山莨菪碱
氢溴酸西酞普兰
氢溴酸烯丙吗啡
氢溴酸依他佐辛
氢溴酸右美沙芬
氢溴酸樟柳碱
氢醌
清艾绒
清艾条
清痹通络药酒
清便丸
清肠通便胶囊
清肺化痰丸
清肺宁嗽丸
清肺散结丸
清肺十八味丸
清肺十三味散
清肺消炎丸
清肺抑火膏
清肺抑火胶囊
清肺抑火片
清肺抑火丸
清肺止咳丸
清风油
清肤止痒酊
清肝败毒丸
清肝毒胶囊
清肝二十七味丸
清肝扶正胶囊
清肝健脾颗粒
清肝健脾口服液
清肝降压胶囊
清肝胶囊
清肝解毒片
清肝九味散
清肝颗粒
清肝利胆胶囊
清肝利胆颗粒
清肝利胆口服液
清肝片
清肝七味散
清肝注射液
清肝祛黄胶囊
清感穿心莲胶囊
清感穿心莲片
清感九味丸
清感丸
清宫长春胶囊
清宫长春片
清宫寿桃丸
清喉利咽颗粒
清喉散
清喉咽冲剂
清喉咽合剂
清喉咽颗粒
清火胶囊
清火口胶
清火片
清火爽口颗粒
清火养元胶囊
清火养元片
清火栀麦胶囊
清火栀麦片
清火栀麦丸
清降片
清降丸
清解颗粒
清解片
清解退热颗粒
清金理嗽丸
清金宁肺丸
清金糖浆
清金止嗽化痰丸
清金止嗽西瓜膏
清经胶囊
清开灵滴丸
清开灵分散片
清开灵胶囊
清开灵颗粒
清开灵口服液
清开灵泡腾片
清开灵片
清开灵软胶囊
清开灵注射液
清咳平喘颗粒
清咳散
清凉鼻舒吸入剂
清凉丹
清凉防暑冲剂
清凉防暑颗粒
清凉膏药
清凉含片
清凉喉片
清凉润喉片
清凉眼药膏
清凉油
清凉油(白色)
清凉止痒搽剂
清淋胶囊
清淋颗粒
清淋片
清脑安神丸
清脑复神液
清脑降压胶囊
清脑降压颗粒
清脑降压片
清脑止痛胶囊
清宁丸
清平颗粒
清气化痰丸
清热安宫丸
清热暗疮胶囊
清热暗疮片
清热暗疮丸
清热八味胶囊
清热八味散
清热八味丸
清热除湿止泻合剂
清热除湿止泻颗粒
清热导滞散
清热地黄丸
清热定惊散
清热二十三味散
清热二十五味丸
清热感冒颗粒
清热化毒丸
清热化湿口服液
清热化滞颗粒
清热解毒合剂
清热解毒胶囊
清热解毒颗粒
清热解毒口服液
清热解毒泡腾片
清热解毒片
清热解毒软胶囊
清热解毒糖浆
清热解毒注射液
清热卡森胶囊
清热卡森颗粒
清热利胆颗粒
清热利咽茶
清热凉茶
清热凉血膏
清热凉血丸
清热灵颗粒
清热明目茶
清热去湿胶囊
清热去湿片
清热散结胶囊
清热散结片
清热神芎丸
清热疏肝口服液
清热通淋胶囊
清热通淋片
清热通淋丸
清热丸
清热消炎宁
清热消炎宁胶囊
清热消炎宁片
清热消炎宁软胶囊
清热醒脑灵片
清热醒脑灵丸
清热养阴丸
清热银花糖浆
清热镇惊散
清热镇咳糖浆
清热止咳颗粒
清热止痛三味汤散
清热止痒洗剂
清热治痢丸
清热祛湿颗粒
清热祛痱搽剂
清润丸
清身饮颗粒
清肾热十味散
清舒油软膏
清暑解毒颗粒
清暑益气丸
清胃保安丸
清胃和中丸
清胃黄连片
清胃黄连丸
清胃丸
清胃消渴胶囊
清胃止痛微丸
清瘟解毒片
清瘟解毒丸
清瘟消肿九味丸
清瘟止痛十一味丸
清涎快膈丸
清泻丸
清心安神口服液
清心沉香八味散
清心沉香八味丸
清心滚痰丸
清心明目上清丸
清心牛黄片
清心丸
清宣口服液
清宣止咳颗粒
清玄丸
清眩降压片
清眩片
清眩软胶囊
清眩丸
清眩治瘫丸
清血八味胶囊
清血八味片
清血内消丸
清咽滴丸
清咽利喉茶
清咽利膈丸
清咽六味散
清咽片
清咽润喉丸
清咽舒茶
清咽丸
清咽抑火丸
清咽饮茶
清胰利胆颗粒
清胰利胆片
清胰利胆丸
清音丸
清燥润肺合剂
清脂胶囊
清浊益肾胶囊
清浊祛毒丸
清膈丸
情安喘定片
庆大霉素二氧化锆
庆大霉素甲氧苄啶
庆大霉素普鲁卡因
庆大霉素普鲁卡因维B12
庆大霉素双氯芬酸
庆大霉素双氯芬酸钠
庆大霉素碳酸铋
庆大霉素硝酸铋
庆余辟瘟丹
琼玉膏
秋梨润肺膏
秋水健脾散
秋水仙碱
秋泻灵合剂
秋泻灵颗粒
秋燥感冒颗粒
曲安奈德
曲安奈德氯霉素
曲安奈德新霉素
曲安奈德益康唑
曲安缩松
曲安缩松尿素
曲安西龙
曲伏前列素
曲伏噻吗
曲金刚胺
曲克芦丁
曲克芦丁氯化钠
曲克芦丁脑蛋白水解物
曲克芦丁葡萄糖
曲克芦丁香豆素
曲克芦丁羟丙茶碱
曲马多(Ⅱ)
曲马多氯化钠
曲马多葡萄糖
曲麦枳术丸
曲尼司特
曲匹布通
曲匹地尔
曲普瑞林
曲前列尼尔
曲司氯铵
曲妥珠单抗
曲昔派特
曲昔匹特
曲咪新
屈螺酮炔雌醇
屈螺酮炔雌醇(Ⅱ)
屈昔多巴
驱白巴布期片
驱白马日白热斯丸
驱虫斑鸠菊注射液
驱虫消食片
驱毒养颜口服液
驱风保济油
驱风蛇酒
驱风苏合丸
驱风通络药酒
驱风痛片
驱风药酒
驱风液
驱风油
龋齿宁含片
去氨加压素
去腐生肌散
去感热口服液
去感热注射液
去甲斑蝥素
去甲斑蝥酸钠
去甲斑蝥酸钠氯化钠
去甲肾上腺素
去氢胆酸
去水卫矛醇
去铁酮
去痛片
去氧氟尿苷
去氧肾上腺素溴苯那敏
去氧孕烯炔雌醇
去乙酰毛花苷
去羟肌苷
泉州百草曲
泉州茶饼
全杜仲胶囊
全氟丙烷人血白蛋白
全龟胶囊
全龟片
全鸡拔毒膏
全甲鱼胶囊
全鹿大补丸
全鹿片
全鹿丸
全天麻胶囊
全天麻咀嚼片
全天麻片
炔雌醇
炔雌醇环丙孕酮
炔诺酮
炔诺孕酮
炔诺孕酮炔雌醚
炔孕酮
然降多吉胶囊
热毒宁注射液
热毒平胶囊
热毒平颗粒
热毒清锭
热毒清片
热敷袋
热感清喷雾剂
热感赛比斯坦颗粒
热可平注射液
热淋清分散片
热淋清胶囊
热淋清咀嚼片
热淋清颗粒
热淋清片
热淋清软胶囊
热淋清糖浆
热炎宁合剂
热炎宁胶囊
热炎宁颗粒
热炎宁片
热痱搽剂
壬苯醇醚
壬二酸
仁丹
仁丹丸
仁青常觉
仁青芒觉
仁青芒觉胶囊
人参败毒胶囊
人参保肺丸
人参北芪胶囊
人参北芪片
人参鳖甲煎丸
人参补膏
人参补气胶囊
人参补丸
人参袋泡茶
人参多糖
人参多糖注射液
人参蜂王浆胶囊
人参蜂王浆咀嚼片
人参固本口服液
人参固本丸
人参归脾丸
人参健脾片
人参健脾丸
人参茎叶皂苷胶囊
人参茎叶皂苷片
人参茎叶总皂苷
人参口服液
人参灵芝胶囊
人参鹿茸丸
人参女金丸
人参片
人参首乌胶囊
人参首乌精
人参首乌片
人参糖肽注射液
人参天麻药酒
人参卫生丸
人参五味子颗粒
人参五味子糖浆
人参养荣膏
人参养荣丸
人参药酒
人参益母丸
人参再造丸
人参珍珠口服液
人参滋补膏
人丹
人工泪液
人工牛黄甲硝唑
人工牛黄片
人狂犬病免疫球蛋白
人类免疫缺陷病毒HIV1/2抗体诊断试剂盒(酶联免疫双抗原夹心法)
人类免疫缺陷病毒抗体诊断试剂盒(酶联免疫法)
人免疫球蛋白
人免疫球蛋白(pH4)
人凝血酶
人凝血酶原复合物
人凝血因子(Ⅷ)
人破伤风免疫球蛋白
人胎盘片
人胎盘血白蛋白
人胎盘脂多糖
人胎盘组织液
人纤维蛋白胶
人纤维蛋白原
人纤维蛋白粘合剂
人血白蛋白
人用狂犬病纯化疫苗
人用狂犬病纯化疫苗(Vero细胞)
人用狂犬病纯化疫苗(地鼠肾细胞)
人用狂犬病纯化疫苗(鸡胚细胞)
人用狂犬病疫苗
人用狂犬病疫苗(Vero细胞)
人用狂犬病疫苗(Vero细胞微载体)
人用狂犬病疫苗(地鼠肾细胞)
人用狂犬病疫苗(鸡胚细胞)
人用狂犬病疫苗(人二倍体细胞)
人知降糖胶囊
忍冬感冒颗粒
日晒防治膏
日舒安湿巾
日舒安洗液
茸参补肾胶囊
茸参益肾胶囊
茸地益肾胶囊
茸地益肾口服液
茸蛤益肾合剂
茸桂补肾口服液
茸坤丸
茸蓉补肾口服液
茸术口服液
茸血安神丸
茸血补脑液
茸血补心丸
茸芪益肾口服液
茸萸补肾口服液
茸杞补肾健脾茶
蓉丹口服液
蓉蛾益肾口服液
蓉仙口服液
蓉泻通便茶
蓉芝益肾合剂
蓉杞参胶囊
荣发胶囊
荣心丸
溶菌酶
溶栓胶囊
溶栓脑通胶囊
溶栓片
绒促性素
柔肝健脾口服液
柔肝解毒口服液
柔肝解毒片
柔肝顺气丸
肉毒抗毒素
肉桂油
肉蔻四神丸
肉蔻五味丸
如意定喘片
如意定喘丸
如意金黄散
如意油
如意珍宝胶囊
如意珍宝片
如意珍宝丸
乳安胶囊
乳安片
乳安丸
乳疮丸
乳杆菌LB
乳杆菌活菌
乳果糖
乳核内消胶囊
乳核内消颗粒
乳核内消片
乳核内消丸
乳核内消液
乳核散结胶囊
乳核散结片
乳疾灵胶囊
乳疾灵颗粒
乳结康丸
乳结泰胶囊
乳康胶囊
乳康颗粒
乳康片
乳康软胶囊
乳康舒胶囊
乳康丸
乳块消胶囊
乳块消颗粒
乳块消口服液
乳块消浓缩丸
乳块消片
乳块消软胶囊
乳块消糖浆
乳块消贴膏
乳块消丸
乳鹿膏
乳酶生
乳宁胶囊
乳宁颗粒
乳宁片
乳宁丸
乳宁一号
乳泉颗粒
乳酸氟罗沙星
乳酸钙
乳酸环丙沙星
乳酸环丙沙星氯化钠
乳酸加替沙星氯化钠
乳酸加替沙星葡萄糖
乳酸菌
乳酸菌素
乳酸米力农
乳酸米力农葡萄糖
乳酸钠
乳酸钠林格
乳酸诺氟沙星
乳酸司帕沙星
乳酸心可定
乳酸亚铁
乳酸盐腹膜透析液
乳酸依沙吖啶
乳酸左氧氟沙星
乳酸左氧氟沙星氯化钠
乳酸左氧氟沙星葡萄糖
乳泰胶囊
乳糖酶
乳糖酸阿奇霉素
乳糖酸红霉素
乳糖酸克拉霉素
乳腺康注射液
乳腺增生口服液
乳香风湿气雾剂
乳增宁胶囊
乳增宁片
乳癖康胶囊
乳癖康片
乳癖清胶囊
乳癖清片
乳癖散结胶囊
乳癖散结颗粒
乳癖散结片
乳癖舒胶囊
乳癖舒片
乳癖消胶囊
乳癖消颗粒
乳癖消片
乳癖消贴膏
乳癖消丸
软骨素
软坚口服液
软坚药水
软脉灵口服液
软皂
阮氏上清丸
瑞巴派特
瑞草油
瑞戈非尼
瑞格列奈
瑞格列奈二甲双胍(I)
瑞格列奈二甲双胍(Ⅱ)
瑞花油
瑞舒伐他汀钙
瑞替普酶
瑞香素
润肠胶囊
润肠宁神膏
润肠软胶囊
润肠通便茶
润肠通秘茶
润肠丸
润畅胶囊
润肺膏
润肺化核膏
润肺化痰丸
润肺止咳合剂
润肺止咳胶囊
润肺止嗽丸
润喉丸
润喉药茶
润肌皮肤膏
润通丸
润伊容胶囊
润伊容口服液
润燥止痒胶囊
萨热大鹏丸
萨热十三味鹏鸟丸
腮腺宁糊剂
腮腺炎减毒活疫苗
腮腺炎片
塞克硝唑
塞来昔布
塞隆风湿胶囊
塞隆风湿酒
塞隆风湿软胶囊
塞曲司特
塞润榈脂质固醇片
塞润榈脂质固醇提取物
塞润榈脂质固醇提取物片
塞替派
塞雪风湿胶囊
赛庚啶
赛金化毒散
赛空青眼药
赛洛多辛
赛霉安乳膏
赛霉安散
赛胃安胶囊
三白草肝炎颗粒
三白草肝炎糖浆
三宝胶囊
三宝片
三苯双脒
三痹热宝熨剂
三鞭补酒
三鞭参茸固本丸
三鞭胶囊
三鞭酒
三鞭温阳胶囊
三才封髓丸
三参降脂液
三参通脉合剂
三参益气口服液
三参芪口服液
三层茴香丸
三臣胶囊
三臣散
三臣丸
三丁酸钠
三分三
三分三浸膏片
三硅酸镁
三果汤含片
三果汤胶囊
三果汤颗粒
三果汤口服液
三果汤散
三号蛇胆川贝片
三合钙咀嚼片
三合激素
三花茶
三花接骨散
三黄膏
三黄胶囊
三黄片
三黄清解胶囊
三黄清解片
三黄丸
三黄益血胶囊
三黄珍珠膏
三甲散
三甲氧苄嗪
三尖杉酯碱
三胶颗粒
三金冻疮酊
三金感冒片
三金胶囊
三金颗粒
三金片
三九胃泰胶囊
三九胃泰颗粒
三勒浆口服液
三两半药酒
三磷酸胞苷二钠
三磷酸腺苷
三磷酸腺苷二钠
三磷酸腺苷二钠氯化镁
三磷酸腺苷二钠氯化钠
三磷酸腺苷辅酶胰岛素
三龙跌打酒
三鹿温肾丸
三妙丸
三七参蜂口服液
三七丹参胶囊
三七丹参颗粒
三七丹参片
三七冠心宁滴丸
三七冠心宁合剂
三七冠心宁胶囊
三七冠心宁片
三七花颗粒
三七化痔丸
三七活血丸
三七胶囊
三七龙血竭胶囊
三七蜜精
三七蜜精口服液
三七片
三七伤药胶囊
三七伤药颗粒
三七伤药片
三七通舒胶囊
三七透骨黄酊
三七丸(生三七丸)
三七血伤宁胶囊
三七血伤宁散
三七养血胶囊
三七药酒
三七皂苷口服制剂
三七皂苷注射制剂
三七脂肝颗粒
三七脂肝丸
三七止血胶囊
三七止血咀嚼片
三七止血片
三清胶囊
三清片
三仁合剂
三蛇胆川贝膏
三蛇胆川贝糖浆
三蛇风湿药酒
三蛇药酒
三肾丸
三肾丸(岢岚方)
三肾温阳酒
三十六味消渴胶囊
三十五味沉香丸
三十一味松石丸
三水杨酸胆碱镁
三维B片
三维B注射液
三维钙片
三维肌醇片
三维葡磷钙
三维亚铁
三维鱼肝油
三维樟柳碱
三维制霉素
三味补肾消渴口服液
三味补肾养肝口服液
三味肤宝软膏
三味甘露散
三味化瘀胶囊
三味龙胆花片
三味龙胆花丸
三味清热止痒洗剂
三味檀香胶囊
三味檀香颗粒
三味檀香口服液
三味檀香汤散
三味泻痢颗粒
三味止咳片
三味痔疮栓
三味蒺黎散
三味蒺藜散
三乌胶
三乌胶丸
三香跌打损伤酒
三香化瘀膏
三阳血傣合剂
三氧化二砷
三乙醇胺
三银芪丹颗粒
三余神曲
三杖清肝膏
三子颗粒
三子强肾胶囊
三子茸肾合剂
三子茸肾片
三子散
三子止咳膏
三子止咳胶囊
三拗片
三唑仑
三溴片
散风活络丸
散风活血膏
散风宁嗽糖浆
散风通窍滴丸
散寒感冒胶囊
散寒感冒片
散寒活络丸
散寒解热口服液
散寒药茶
散结灵胶囊
散结片
散结乳癖膏
散结镇痛胶囊
散结止痛膏
散痰宁滴丸
散痰宁糖浆
散痛舒分散片
散痛舒胶囊
散痛舒片
桑葛降脂丸
桑姜感冒胶囊
桑姜感冒片
桑姜感冒注射液
桑菊感冒合剂
桑菊感冒颗粒
桑菊感冒片
桑菊感冒糖浆
桑菊感冒丸
桑菊银翘散
桑龙利肝颗粒
桑麻口服液
桑麻丸
桑枝颗粒
桑杞脑康颗粒
桑椹膏
桑椹颗粒
扫日劳—4胶囊
扫日劳清肺止咳胶囊
色甘那敏
色甘酸钠
色甘萘甲那敏
色羟丙钠
涩肠止泻散
森登四味汤散
森林脑炎纯化疫苗
森林脑炎灭活疫苗
砂连和胃胶囊
砂仁驱风油
杀虫丸
杀菌止痒洗剂
沙巴棕果提取物软胶囊
沙巴棕软胶囊
沙参止咳胶囊
沙参止咳汤散
沙丁胺醇
沙芬伪麻
沙格列汀
沙格列汀二甲双胍 (II)
沙格列汀二甲双胍 (III)
沙格列汀二甲双胍(I)
沙棘分散片
沙棘干乳剂
沙棘颗粒
沙棘片
沙棘糖浆
沙棘丸
沙棘油软胶囊
沙棘籽油胶丸
沙棘籽油口服液
沙棘籽油软胶囊
沙库巴曲缬沙坦钠
沙奎那韦
沙利度胺
沙梅消渴胶囊
沙美特罗替卡松
沙溪凉茶
沙溪凉茶颗粒
沙苑子胶囊
沙苑子颗粒
珊瑚七十味丸
珊瑚癣净
山白消食合剂
山地岗感冒颗粒
山东阿胶膏
山葛开胃口服液
山海丹胶囊
山海丹颗粒
山海丹片
山荷口服液
山荷叶合剂
山花晶
山花晶颗粒
山菊降压胶囊
山菊降压颗粒
山菊降压片
山菊颗粒
山蜡梅叶胶囊
山蜡梅叶颗粒
山蜡梅叶片
山腊梅清感茶
山梨醇
山梨醇(供口服用)
山梨醇铁
山黎峒丸
山龙药酒
山绿茶降压胶囊
山绿茶降压片
山麦健脾口服液
山麦口服液
山玫胶囊
山玫片
山牡丹胶囊
山葡健脾颗粒
山茄子清凉颗粒
山香圆含片
山香圆颗粒
山香圆片
山药参芪丸
山药丸
山芝胶囊
山庄降脂颗粒
山庄降脂片
山莨菪碱氯化钠
山莨菪麝香膏
山楂调中丸
山楂化滞丸
山楂降压袋泡茶
山楂降压胶囊
山楂降压丸
山楂精降脂滴丸
山楂精降脂分散片
山楂精降脂片
山楂精降脂软胶囊
山楂菊花颗粒
山楂颗粒
山楂麦曲颗粒
山楂内金胶囊
山楂内金口服液
山楂内消丸
山楂丸
山楂茯苓颗粒
善存银片
伤痹通酊
伤风感冒颗粒
伤风净喷雾剂
伤风咳茶
伤风停胶囊
伤风停片
伤复欣喷雾剂
伤寒Vi多糖疫苗
伤寒、副伤寒甲、乙联合疫苗
伤寒、副伤寒甲联合疫苗
伤寒疫苗
伤筋正骨酊
伤科跌打胶囊
伤科跌打片
伤科跌打丸
伤科活血酊
伤科接骨片
伤科灵喷雾剂
伤科七味片
伤科万花油
伤科壮骨膏
伤可贴
伤乐气雾剂
伤湿宝珍膏
伤湿解痛膏
伤湿丸
伤湿镇痛膏
伤湿止痛搽剂
伤湿止痛膏
伤湿祛痛膏
伤痛跌打丸
伤痛克酊
伤痛宁膏
伤痛宁胶囊
伤痛宁片
伤痛舒
伤痛酊
伤益气雾剂
伤友擦剂
伤疖膏
上海蛇药片
上清胶囊
上清片
上清丸
烧伤肤康液
烧伤净喷雾剂
烧伤灵酊
烧伤喷雾剂
烧伤止痛膏
烧伤止痛药膏
烧烫宁喷雾剂
烧烫宁软膏
烧烫伤膏
芍倍注射液
芍杞颗粒
少腹逐瘀胶囊
少腹逐瘀颗粒
少腹逐瘀丸
少林跌打止痛膏
少林风湿跌打巴布膏
少林风湿跌打膏
少林风湿跌打凝胶膏
少林正骨精
少阳感冒颗粒
绍兴大补酒
蛇参胶囊
蛇胆半夏片
蛇胆半夏散
蛇胆贝母散
蛇胆陈皮化痰散
蛇胆陈皮胶囊
蛇胆陈皮口服液
蛇胆陈皮片
蛇胆陈皮散
蛇胆陈皮液
蛇胆川贝含片
蛇胆川贝胶囊
蛇胆川贝口服液
蛇胆川贝软胶囊
蛇胆川贝散
蛇胆川贝液
蛇胆川贝枇杷膏
蛇胆姜粒
蛇胆南星散
蛇胆追风丸
蛇毒血凝酶
蛇黄栓
蛇莲胶囊
蛇连川贝散
蛇伤解毒片
蛇伤散
蛇咬丸
蛇脂参黄软膏
舌慈解毒口服液
舍雷肽酶
摄护宁
射干抗病毒注射液
射干利咽口服液
射麻口服液
伸筋丹胶囊
伸筋活络丸
伸筋片
深海龙胶囊
深海龙丸
神安胶囊
神黄钠铝
神康宁丸
神牡安神胶囊
神农茶颗粒
神农药酒
神农镇痛膏
神曲茶
神曲胃痛胶囊
神曲胃痛片
神曲消食口服液
神衰康胶囊
神衰康颗粒
神犀丹
神香苏合丸
神州跌打丸
沈阳红药
沈阳红药胶囊
沈阳红药片
肾安
肾安胶囊
肾安片
肾宝合剂
肾宝胶囊
肾宝颗粒
肾宝片
肾宝糖浆
肾茶袋泡茶
肾复康胶囊
肾复康片
肾肝宁胶囊
肾骨胶囊
肾骨咀嚼片
肾骨颗粒
肾骨片
肾骨散
肾康宁胶囊
肾康宁颗粒
肾康宁片
肾康栓
肾康注射液
肾宁散胶囊
肾脾双补口服液
肾气归口服液
肾上腺色腙
肾上腺素
肾石通颗粒
肾石通片
肾石通丸
肾舒颗粒
肾衰康灌肠液
肾衰宁胶囊
肾衰宁颗粒
肾衰宁片
肾炎安胶囊
肾炎安颗粒
肾炎解热片
肾炎康复片
肾炎灵胶囊
肾炎灵颗粒
肾炎灵片
肾炎片
肾炎平颗粒
肾炎舒胶囊
肾炎舒颗粒
肾炎舒片
肾炎四味胶囊
肾炎四味颗粒
肾炎四味片
肾炎四味丸
肾炎温阳胶囊
肾炎温阳片
肾炎消肿片
肾阳胶囊
肾元胶囊
肾综合征出血热纯化疫苗Ⅰ型
肾综合征出血热灭活疫苗Ⅰ型
肾综合征出血热灭活疫苗Ⅱ型
肾苓颗粒
生白合剂
生白颗粒
生白口服液
生长激素
生长激素释放抑制因子
生长抑素
生尔发糖浆
生发片
生发丸
生发酊
生桂口服液
生化颗粒
生化丸
生肌八宝散
生肌散
生肌玉红膏
生肌愈皮膏
生姜总酚软胶囊
生津润燥液
生津消渴胶囊
生精胶囊
生精片
生理氯化钠
生力胶囊
生力片
生力雄丸
生龙驱风药酒
生脉袋泡茶
生脉胶囊
生脉颗粒
生脉颗粒(党参方)
生脉片(党参方)
生脉糖浆
生脉饮
生脉饮(党参方)
生脉饮（红参方）
生脉饮（人参方）
生脉饮口服液
生脉饮软胶囊(党参方)
生脉增液通胶囊
生脉注射液
生乳灵
生乳片
生乳汁
生三七粉
生三七散
生三七丸
生物合成高血糖素
生物合成人胰岛素
生物合成胰高血糖素
生血宝合剂
生血宝颗粒
生血复元口服液
生血康合剂
生血康口服液
生血宁片
生血片
生血丸
生芪消渴胶囊
升白康复口服液
升白康颗粒
升华红黑丸
升华硫
升华硫氯化氨基汞
升气血口服液
升气养元糖浆
升清胶囊
升提胶囊
升提颗粒
升血调元颗粒
升血调元汤
升血膏
升血颗粒
升血小板胶囊
升阳十一味丸
胜红清热胶囊
胜红清热片
胜利吉祥丸
圣·约翰草提取物
圣·约翰草提取物片
圣济鳖甲丸
失笑散
狮马龙红花油
狮马龙活络油
狮子油
施保利通
施保利通片
湿毒清胶囊
湿毒清片
湿热痹胶囊
湿热痹颗粒
湿热痹片
湿热片
湿润烧伤膏
湿消丸
湿疡气雾剂
湿痒洗液
十八味补肾益气口服液
十八味党参丸
十八味杜鹃丸
十八味降香丸
十八味欧曲丸
十八味欧曲珍宝丸
十八味人参补气膏
十八味诃子利尿胶囊
十八味诃子利尿丸
十八味诃子丸
十滴水
十滴水胶丸
十滴水软胶囊
十二太保丸
十二味痹通搽剂
十二味齿龈康散
十二味翼首散
十二乌鸡白凤丸
十复生胶囊
十灰散
十灰丸
十灵油
十六味冬青丸
十六味杜鹃花丸
十六味杜鹃散胶囊
十六味马蔺子丸
十六味消渴胶囊
十七味寒水石丸
十七味填精胶囊
十全大补膏
十全大补合剂
十全大补酒
十全大补颗粒
十全大补口服液
十全大补片
十全大补糖浆
十全大补丸
十三味榜嘎散
十三味红花丸
十三味解郁胶囊
十三味马钱子丸
十三味青兰散
十三味疏肝胶囊
十三味辛夷滴鼻剂
十三味菥蓂胶囊
十三味菥蓂丸
十四味羚牛角丸
十四味羌活风湿酒
十四味疏肝胶囊
十维片
十维铁
十味蒂达胶囊
十味豆蔻丸
十味扶正颗粒
十味龟鹿补肾合剂
十味黑冰片丸
十味活血丸
十味降糖颗粒
十味龙胆花胶囊
十味龙胆花颗粒
十味乳香胶囊
十味乳香散
十味乳香丸
十味手参散
十味溪黄草颗粒
十味香鹿胶囊
十味消渴胶囊
十味消食散
十味益脾颗粒
十味玉泉胶囊
十味玉泉片
十味止咳片
十味诃子片
十味诃子散
十味诃子汤散
十味诃子丸
十五味沉香丸
十五味黑药胶囊
十五味黑药丸
十五味龙胆花丸
十五味萝蒂明目片
十五味萝蒂明目丸
十五味气血双补口服液
十五味乳鹏胶囊
十五味乳鹏丸
十五味赛尔斗丸
十香定痛丸
十香返生丸
十香暖脐膏
十香丸
十香止痛丸
十一酸睾酮
十一酸睾丸酮
十一味参芪胶囊
十一味参芪片
十一味草果丸
十一味甘露胶囊
十一味甘露丸
十一味黄精颗粒
十一味金色丸
十一味能消胶囊
十一味维命胶囊
十一味维命散
十一味维命丸
十一烯酸
十枣丸
十珍香附丸
十子强肾酒
石吊兰片
石膏二十五味散
石膏散
石黄抗菌胶囊
石黄抗菌片
石椒草咳喘颗粒
石淋通胶囊
石淋通颗粒
石淋通片
石榴补血糖浆
石榴健胃胶囊
石榴健胃片
石榴健胃散
石榴健胃丸
石榴日轮丸
石龙清血颗粒
石麦清合剂
石杉碱甲
石辛含片
石杏痰咳片
石岐外感茶
石岐外感茶颗粒
石岐外感颗粒
石斛明目丸
石斛夜光颗粒
石斛夜光丸
时疫救急丸
时疫清瘟丸
食道平散
食积颗粒
食积口服液
食母生
食消饮
史国公药酒
使君子丸
嗜酸乳杆菌
视明露眼水
手参肾宝胶囊
手掌参三十七味丸
首明山胶囊
首乌补肾酒
首乌地黄丸
首乌片
首乌强身片
首乌丸
首乌延寿胶囊
首乌延寿颗粒
首乌延寿片
首志健脑颗粒
首荟通便胶囊
首杞补肾口服液
寿星补汁
输血用1号抗凝液
输血用2号抗凝液
输血用复方枸橼酸钠
输血用氯化钠
输血用枸橼酸钠
舒安卫生栓
舒巴坦钠
舒必利
舒肠口服液
舒胆胶囊
舒胆片
舒尔经胶囊
舒尔经颗粒
舒尔经片
舒肺糖浆
舒芬太尼
舒肤止痒酊
舒腹贴膏
舒肝调气丸
舒肝和胃口服液
舒肝和胃丸
舒肝健胃丸
舒肝解郁胶囊
舒肝康胶囊
舒肝颗粒
舒肝快胃丸
舒肝理气丸
舒肝宁注射液
舒肝片
舒肝平胃丸
舒肝散
舒肝顺气丸
舒肝丸
舒肝消积丸
舒肝益脾胶囊
舒肝益脾颗粒
舒肝益脾液
舒肝止痛丸
舒更胶囊
舒更片
舒更葡糖钠
舒冠胶囊
舒冠颗粒
舒冠片
舒冠通糖浆
舒筋除湿胶囊
舒筋跌打膏
舒筋定痛胶囊
舒筋定痛酒
舒筋定痛片
舒筋风湿酒
舒筋活络酒
舒筋活络丸
舒筋活络止痛膏
舒筋活血定痛散
舒筋活血胶囊
舒筋活血片
舒筋活血丸
舒筋健络油
舒筋健腰丸
舒筋胶囊
舒筋十二味丸
舒筋通络颗粒
舒筋丸
舒筋止痛酊
舒颈合剂
舒康凝胶剂
舒康贴膏
舒康洗液
舒咳枇杷糖浆
舒乐搽剂
舒乐康胶囊
舒乐热熨剂
舒列安胶囊
舒林酸
舒灵喉片
舒洛地特
舒络片
舒络养肝丸
舒秘胶囊
舒泌通胶囊
舒泌通颗粒
舒泌通片
舒泌通丸
舒眠胶囊
舒眠片
舒脑欣滴丸
舒气丸
舒神灵胶囊
舒他西林
舒他西林甲苯磺酸盐
舒托必利
舒胃药酒
舒心安神口服液
舒心降脂片
舒心颗粒
舒心口服液
舒心宁口服液
舒心宁片
舒心糖浆
舒心通脉胶囊
舒胸胶囊
舒胸颗粒
舒胸片
舒血宁注射液
舒咽清喷雾剂
舒阴洁洗剂
舒郁九宝丸
舒痔丸
疏风定痛丸
疏风活络片
疏风活络丸
疏风解毒胶囊
疏风清热胶囊
疏风散热胶囊
疏风再造丸
疏肝益阳胶囊
疏清颗粒
疏痛安涂膜剂
疏血通注射液
熟三七片
熟三七散
熟三七丸
薯莨片
薯蓣丸
薯蓣皂苷
薯蓣皂苷口服制剂
薯蓣皂苷片
暑热感冒颗粒
暑热康糖浆
暑湿感冒颗粒
暑症片
鼠表皮生长因子
鼠抗人T淋巴细胞CD3抗原单克隆抗体
鼠李铋镁
鼠神经生长因子
鼠源CD3单克隆抗体
术苓健脾胶囊
双百口服液
双半胱氨酸
双半胱乙酯
双参安神合剂
双参安神糖浆
双参补肾口服液
双参补肾助阳胶囊
双参刺五加口服液
双参活血通络颗粒
双参颗粒
双参龙胶囊
双参益神颗粒
双刺杞口服液
双醋瑞因
双丹膏
双丹胶囊
双丹颗粒
双丹口服液
双丹明目胶囊
双丹片
双碘喹啉
双冬胶囊
双分伪麻
双复磷
双葛醒脾和胃胶囊
双骨三子胶囊
双瓜糖安胶囊
双红活血胶囊
双红活血片
双虎清肝颗粒
双虎肿痛宁
双虎肿痛宁喷雾剂
双花百合片
双花草珊瑚含片
双环醇
双黄肠炎分散片
双黄连滴剂
双黄连滴丸
双黄连滴眼剂
双黄连滴注液
双黄连分散片
双黄连粉针剂
双黄连含片
双黄连合剂
双黄连胶囊
双黄连咀嚼片
双黄连颗粒
双黄连颗粒(无蔗糖)
双黄连口服液
双黄连泡腾片
双黄连片
双黄连气雾剂
双黄连软胶囊
双黄连栓
双黄连糖浆
双黄连注射液
双黄连注射液[含注射用冻干粉针]
双黄平喘颗粒
双黄消炎胶囊
双黄消炎片
双黄止痒洗液
双黄祛风丸
双磺沙棘桉青
双活感冒胶囊
双活止痛酊
双活祛风镇痛酒
双价人乳头瘤病毒吸附疫苗
双价肾综合征出血热纯化疫苗
双价肾综合征出血热纯化疫苗(Vero细胞)
双价肾综合征出血热灭活疫苗
双价肾综合征出血热灭活疫苗(Vero细胞)
双姜胃痛丸
双解胶囊
双金颗粒
双金连合剂
双金胃肠胶囊
双金胃疡胶囊
双料喉风含片
双料喉风散
双灵固本散
双灵油
双龙风湿跌打膏
双龙驱风油
双氯非那胺
双氯芬酸
双氯芬酸二乙胺
双氯芬酸二乙基铵盐
双氯芬酸钾
双氯芬酸钠
双氯芬酸钠(IV)
双氯芬酸钠(Ⅰ)
双氯芬酸钠(Ⅱ)
双氯芬酸钠(Ⅲ)
双氯芬酸钠(Ⅳ)
双氯芬酸钠(Ⅴ)
双氯芬酸钠利多卡因
双氯芬酸钠米索前列醇
双氯芬酸钠盐酸利多卡因
双氯青霉素钠
双梅喉片
双扑
双扑伪麻
双歧杆菌、嗜酸乳杆菌、肠球菌三联活菌
双歧杆菌活菌
双歧杆菌乳杆菌三联活菌
双歧杆菌乳杆菌四联活菌
双歧杆菌三联活菌
双歧杆菌四联活菌
双氢青蒿素
双氢青蒿素哌喹
双清合剂
双清口服液
双炔失碳酯
双仁润肠口服液
双山胶囊
双山颗粒
双石通淋胶囊
双水杨酯
双藤筋骨片
双虾标风湿油
双虾标青草油
双香豆素
双香排石颗粒
双香顺气胶囊
双辛鼻窦炎颗粒
双羊喉痹通颗粒
双阳益肾口服液
双蚁祛湿通络胶囊
双异丙酚
双重造影产气
双子参洗液
双苓止泻口服液
双唑泰
双嘧达莫
双嘧达莫氯化钠
双嘧啶
双橘颗粒
双肼屈嗪利血平
双羟萘酸曲普瑞林
双羟萘酸噻嘧啶
水痘减毒活疫苗
水飞蓟宾
水飞蓟宾葡甲胺
水飞蓟素
水合氯醛
水解蛋白
水陆二味片
水陆二味丸
水牛角解毒丸
水牛角浓缩粉
水溶性维生素
水线和胃颗粒
水杨梅片
水杨酸
水杨酸苯酚
水杨酸苯甲酸松油
水杨酸苯佐卡因
水杨酸冰醋酸
水杨酸毒扁豆碱
水杨酸二乙胺
水杨酸复合
水杨酸甲酯
水杨酸镁
水杨酸钠
水杨酸钠碘化钠
水杨酸氧化锌
水杨酸咪唑
水蜈蚣颗粒
睡安胶囊
睡安片
顺苯磺阿曲库铵
顺苯磺酸阿曲库铵
顺铂
顺铂氯化钠
顺气安神丸
顺气补心十一味丸
顺气化痰颗粒
顺气化痰片
顺气十三味散
司氟沙星
司可巴比妥钠
司莫司汀
司帕沙星
司他夫定
司坦夫定
司坦唑醇
丝白祛斑软膏
丝裂霉素
丝萸养血益肾颗粒
嗣育保胎丸
四方胃胶囊
四方胃片
四红丹
四虎散
四环素
四环素可的松
四环素泼尼松
四黄清心丸
四黄泻火片
四季菜颗粒
四季菜糖浆
四季草颗粒
四季草片
四季感冒胶囊
四季感冒片
四季抗病毒合剂
四季抗病毒胶囊
四季平安油
四季青胶囊
四季青片
四季三黄胶囊
四季三黄片
四季三黄软胶囊
四季三黄丸
四季消炎喉片
四季油
四价脑膜炎球菌多糖疫苗
四价人乳头瘤病毒疫苗
四君子袋泡剂
四君子合剂
四君子颗粒
四君子丸
四妙丸
四磨汤口服液
四逆颗粒
四逆散
四逆汤
四氢帕马丁
四神片
四神丸
四圣散
四十二味疏肝胶囊
四时甘和茶
四藤片
四维钙片
四维葡萄糖
四维葡锌
四维他胶囊
四维他片
四维王浆葡萄糖
四味光明盐汤散
四味姜黄汤散
四味脾胃舒颗粒
四味脾胃舒片
四味生精口服液
四味通络胶囊
四味土木香散
四味雪莲花颗粒
四味益气胶囊
四味珍层冰硼滴眼液
四味止泻木汤散
四物膏
四物合剂
四物胶囊
四物颗粒
四物片
四物益母丸
四烯甲萘醌
四香祛湿丸
四消丸
四正丸
四制香附丸
四子健脾口服液
四子填精胶囊
松补力胶囊
松胆元胡搽剂
松根油吸入剂
松花散
松节油
松节油搽剂
松龄血脉康胶囊
松石散
松石丸
松栀丸
搜风理肺丸
搜风顺气丸
苏冰滴丸
苏菲咳
苏菲咳糖浆
苏肝合剂
苏合丸
苏合香丸
苏黄止咳胶囊
苏梅爽含片
苏南山肚痛丸
苏孜阿甫片
苏子降气丸
苏子油软胶囊
素高捷疗眼膏
速感宁胶囊
速克感冒胶囊
速克感冒片
速溶阿胶颗粒
速效救心丸
速效牛黄丸
速效心痛滴丸
速效心痛喷雾剂
速效心痛气雾剂
速效牙痛宁酊
速效止泻胶囊
速止水泻颗粒
肃肺合剂
酸痛喷雾剂
酸枣仁合剂
酸枣仁糖浆
酸枣仁油滴丸
损伤速效止痛气雾剂
梭菌肠球菌三联活菌
缩宫素
缩合葡萄糖氯化钠
缩泉胶囊
缩泉丸
索法酮
索拉非尼
索利那新
索磷布韦
索罗玛宝颗粒
锁精丸
锁仙补肾口服液
锁阳补肾胶囊
锁阳固精丸
锁阳三味片
他达拉非
他氟前列素
他卡西醇
他克莫司
他扎罗汀
他扎罗汀倍他米松
胎宝胶囊
胎产金丹
胎产金丸
胎盘
胎盘多肽
胎盘片
泰必利
泰脂安胶囊
酞丁安
酞磺胺噻唑
太和妙灵丸
太极升降丸
太极丸
太阳膏
太子保心口服液
太子金颗粒
檀香清肺二十味丸
痰喘半夏颗粒
痰喘片
痰净片
痰咳净
痰咳净滴丸
痰咳净片
痰咳净散
痰咳清片
痰热清胶囊
痰热清注射液
痰饮丸
坦洛新
坦索罗辛口崩
碳酸钙
碳酸钙D3
碳酸钙D3(II)
碳酸钙二甲硅油
碳酸钙甘氨酸
碳酸钙维D
碳酸钙维D3元素(4)
碳酸利多卡因
碳酸氢钠
碳酸司维拉姆
碳酸锂
碳酸镧
炭疽活疫苗
唐草片
糖乐胶囊
糖乐片
糖脉康胶囊
糖脉康颗粒
糖脉康片
糖尿乐胶囊
糖尿乐片
糖尿灵片
糖泰得合剂
糖维胶囊
糖脂宁胶囊
烫疮油
烫火散
烫伤油
萄醛内酯
桃红颗粒
桃红清血片
桃红清血丸
桃花散
桃芪生血胶囊
特非那丁
特非那定
特酚伪麻
特康唑
特利加压素
特立帕肽
特灵眼药
特洛伪麻
特制狗皮膏
藤丹胶囊
藤黄健骨胶囊
藤黄健骨片
藤黄健骨丸
藤络宁胶囊
提毒散
蹄甲多肽
蹄鞘胶囊
体虚感冒合剂
替比夫定
替勃龙
替格瑞洛
替吉奥
替加氟
替加氟氯化钠
替加环素
替卡西林克拉维酸
替卡西林钠克拉维酸钾
替考拉宁
替米沙坦
替米沙坦氨氯地平
替米沙坦氢氯噻嗪
替莫唑胺
替尼泊苷
替诺福韦二吡呋酯
替普瑞酮
替硝唑
替硝唑氯化钠
替硝唑葡萄糖
天贝百合丸
天参胶囊
天参益气胶囊
天蚕胶囊
天蚕片
天草颗粒
天丹通络胶囊
天丹通络片
天冬素
天蛾补肾口服液
天凤胃痛散
天佛参口服液
天癸更年软胶囊
天癸口服液
天和追风膏
天胡荽愈肝片
天花粉蛋白
天黄参消渴口服液
天黄猴枣散
天菊脑安胶囊
天龙拔毒膏
天龙熄风颗粒
天麻钩藤颗粒
天麻胶囊
天麻灵芝合剂
天麻蜜环菌
天麻蜜环菌胶囊
天麻蜜环菌片
天麻片
天麻首乌胶囊
天麻首乌片
天麻素
天麻素注射液
天麻头风灵胶囊
天麻头风灵咀嚼片
天麻头风灵片
天麻头痛片
天麻丸
天麻醒脑胶囊
天麻眩晕宁合剂
天麻眩晕宁颗粒
天麻壮骨丸
天麻追风膏
天麻祛风补片
天麦消渴片
天门冬氨酸洛美沙星
天母降压片
天然胡萝卜素胶丸
天然胡萝卜素口服液
天茸双子颗粒
天蓉益肾合剂
天舒滴丸
天舒胶囊
天舒片
天舒软胶囊
天水散
天檀酒
天王补心丹
天王补心片
天王补心丸
天王补心液
天香酊
天一止咳糖浆
天芝草胶囊
天智颗粒
天珠生乳颗粒
天紫红女金胶囊
天芪降糖胶囊
天芪消渴片
天杞补肾胶囊
天杞合剂
天蟾胶囊
添精补肾膏
田参氨基酸
田基黄胶囊
田基黄颗粒
田基黄糖浆
田基黄注射液
田七补丸
田七跌打风湿软膏
田七跌打丸
田七花叶颗粒
田七颗粒
田七颗粒(冲剂)
田七痛经胶囊
田七痛经散
田七镇痛膏
甜梦胶囊
甜梦口服液
跳骨片
贴积膏
铁棒锤止痛膏
铁笛口服液
铁笛片
铁笛丸
铁箍散
铁皮枫斗胶囊
铁皮枫斗颗粒
铁娃散
铁帚清浊丸
铁铵锌铜维B1
铁羧葡胺
通鼻抗感剂
通痹胶囊
通痹片
通便灵茶
通便灵胶囊
通便宁片
通便清火丸
通便消痤片
通达滴鼻剂
通迪胶囊
通关散
通经甘露丸
通乐颗粒
通淋胶囊
通淋片
通络补肾酒
通络骨质宁膏
通络固本酒
通络化痰胶囊
通络活血胶囊
通络活血丸
通络解语丸
通络开痹片
通络生骨胶囊
通络生乳糖浆
通络下乳口服液
通络止痛胶囊
通络止痛药酒
通络祛痛膏
通脉宝膏
通脉刺五加胶囊
通脉滴丸
通脉降糖胶囊
通脉降脂胶囊
通脉降脂咀嚼片
通脉降脂颗粒
通脉降脂片
通脉降脂丸
通脉胶囊
通脉颗粒
通脉口服液
通脉灵胶囊
通脉灵片
通脉片
通脉强肾酒
通脉养心口服液
通脉养心丸
通窍鼻炎胶囊
通窍鼻炎颗粒
通窍鼻炎片
通窍耳聋丸
通窍救心油
通窍益心丸
通窍镇痛散
通乳颗粒
通塞脉分散片
通塞脉胶囊
通塞脉颗粒
通塞脉片
通舒口爽胶囊
通舒口爽片
通舒口爽丸
通天口服液
通心络胶囊
通心络片
通心舒胶囊
通宣理肺膏
通宣理肺胶囊
通宣理肺颗粒
通宣理肺口服液
通宣理肺片
通宣理肺丸
通幽润燥丸
通之舒胶囊
通滞埃提勒菲力沙那片
通滞苏润江胶囊
通滞苏润江片
酮基布洛芬
酮咯酸氨丁三醇
酮康他索
酮康唑
酮洛芬
酮洛芬(Ⅱ)
酮洛酸氨丁三醇
同仁安神丸
同仁大活络丸
同仁牛黄清心丸
同仁乌鸡白凤胶囊
同仁乌鸡白凤口服液
同仁乌鸡白凤丸
同仁油
铜绿假单胞菌
童宝乐片
童康颗粒
童康片
痛安注射液
痛风定胶囊
痛风定片
痛风舒胶囊
痛风舒片
痛经宝颗粒
痛经调理口服液
痛经胶囊
痛经口服液
痛经灵颗粒
痛经宁胶囊
痛经宁颗粒
痛经宁口服液
痛经宁片
痛经宁糖浆
痛经片
痛经软膏
痛经丸
痛可宁注射液
痛可舒喷雾剂(痛可舒酊)
痛克搽剂
痛宁片
痛舒胶囊
痛舒片
痛泻宁颗粒
痛血康胶囊
痛肿灵
头风痛胶囊
头风痛丸
头痛定糖浆
头痛宁胶囊
头痛片
头孢氨苄
头孢氨苄甲氧苄啶
头孢丙烯
头孢泊肟匹酯
头孢泊肟酯
头孢布烯
头孢地尼
头孢地秦钠
头孢地嗪
头孢地嗪钠
头孢磺啶
头孢克洛
头孢克洛(II)
头孢克啶
头孢克肟
头孢拉定
头孢拉定(精氨酸)
头孢拉定(碳酸盐)
头孢拉宗
头孢硫脒
头孢美唑钠
头孢孟多酯钠
头孢米诺钠
头孢尼西钠
头孢匹胺
头孢匹胺钠
头孢曲松钠
头孢曲松钠舒巴坦钠
头孢曲松钠他唑巴坦钠
头孢他啶
头孢他啶(含碳酸钠)
头孢他啶他唑巴坦钠(3:1)
头孢他啶他唑巴坦钠(5:1)
头孢特仑新戊酯
头孢替坦
头孢替坦二钠
头孢替唑钠
头孢托仑匹酯
头孢妥仑匹酯
头孢西丁钠
头孢西酮钠
头孢呋辛
头孢呋辛钠
头孢呋辛酯
头孢哌酮钠
头孢哌酮钠舒巴坦钠
头孢哌酮钠舒巴坦钠(1:1)
头孢哌酮钠舒巴坦钠(2:1)
头孢哌酮钠他唑巴坦钠
头孢哌酮钠他唑巴坦钠(8:1)
头孢咪唑钠
头孢唑林
头孢唑林钠
头孢唑林钠/氯化钠
头孢唑南钠
头孢唑啉
头孢唑喃
头孢唑肟钠
头孢噻吩
头孢噻吩钠
头孢噻利
头孢噻肟
头孢噻肟钠
头孢噻肟钠舒巴坦钠
头孢羟氨苄
头孢羟氨苄甲氧苄啶
头孢羟氢苄
透表回春丸
透骨灵橡胶膏
透骨镇风丸
透明质酸钠
土贝母皂苷注射液
土霉素
土木香十味汤散
吐根糖浆
吐根酊
吐泻肚痛胶囊
吐泻肚痛散
兔抗人胸腺细胞免疫球蛋白
退热解毒注射液
退热清咽颗粒
退障眼膏
托伐普坦
托芬那酸
托卡朋
托拉塞米
托美丁钠
托尼萘酸
托西酸舒他西林
托西溴苄铵
托珠单抗
托吡卡胺
托吡酯
脱牙敏糊剂
脱氧核糖核酸钠
脱氧核苷酸钠
妥布霉素
妥布霉素地塞米松
妥布霉素氯化钠
妥洛特罗
娃娃宁
娃娃宁泡腾片
瓦松栓
外搽白灵酊
外感风寒颗粒
外感风痧颗粒
外感风痧片
外感平安茶
外感平安颗粒
外伤如意膏
外用跌打止痛膏
外用溃疡散
外用舒筋酊
外用万应膏
外用无敌膏
外用应急软膏
外用止咳散
外用紫金锭
顽癣敌软膏
顽癣净
皖贝止咳胶囊
万宝油
万金香气雾剂
万灵筋骨膏
万灵片
万灵五香膏
万乃洛韦
万年春酒
万氏牛黄清心片
万氏牛黄清心丸
万通筋骨康贴
万通筋骨片
万通炎康胶囊
万通炎康片
万应宝珍膏
万应茶
万应锭
万应甘和茶
万应胶囊
万应颗粒
王回回狗皮膏
王氏保赤丸
威骨颗粒
威灵骨刺膏
威隆壮骨酒
威麦宁胶囊
威喜丸
微达康膏
微达康颗粒
微达康口服液
维A酸
维B1钙
维B1乳酸钙
维C橙皮苷
维C银翘胶囊
维C银翘颗粒
维C银翘片
维C银翘软胶囊
维D2果糖酸钙
维D2磷葡钙
维D2磷酸氢钙
维D2葡萄糖
维D2乳酸钙
维D钙
维E三油
维U颠茄铝
维U颠茄铝Ⅰ
维U颠茄铝Ⅱ
维U颠茄铝Ⅲ
维U颠茄铝镁
维U颠茄铝镁Ⅱ
维U铝镁双层片
维氨啉
维胺
维胺酯
维胺酯维E凝胶
维胺酯维E乳膏
维丙胺
维参锌胶囊
维儿康洗液
维尔康胶囊
维妇康洗液
维肝福泰片
维格列汀
维库溴铵
维磷颗粒
维磷葡钙片
维磷糖浆
维酶素
维霉素
维莫非尼
维生素A
维生素AD
维生素AE
维生素A醋酸酯
维生素A棕榈酸酯
维生素B1
维生素B12
维生素B1C
维生素B2
维生素B4
维生素B6
维生素BT
维生素C
维生素C钙
维生素C氯化钠
维生素C钠
维生素C葡萄糖
维生素C银翘片
维生素D
维生素D2
维生素D2葡萄糖
维生素D3
维生素E
维生素EC
维生素E皇浆
维生素E烟酸酯
维生素K1
维生素K4
维他参颗粒
维他葡萄糖
维替泊芬
维甜美降糖茶
维铁缓释片
维血康颗粒
维血康糖浆
维血宁
维血宁合剂
维血宁颗粒
维脂康胶囊
伪麻滴剂 (婴幼儿用)
伪麻非索
伪麻那敏
胃安胶囊
胃安宁片
胃病丸
胃肠安丸
胃肠复元膏
胃肠健胶囊
胃肠灵胶囊
胃肠灵片
胃肠宁颗粒
胃肠宁片
胃超声显像液
胃蛋白酶
胃得安胶囊
胃得安片
胃得康胶囊
胃得康片
胃尔康片
胃尔宁片
胃福颗粒
胃复春胶囊
胃复春片
胃复胶囊
胃复宁胶囊
胃复片
胃复舒胶囊
胃活灵片
胃康胶囊
胃康灵胶囊
胃康灵颗粒
胃康灵片
胃康灵丸
胃康宁片
胃可安胶囊
胃可宁
胃刻宁胶囊
胃刻宁片
胃乐胶囊
胃乐宁片
胃乐舒口服液
胃乐新胶囊
胃乐新颗粒
胃立康片
胃力胶囊
胃力康颗粒
胃力片
胃灵合剂
胃灵颗粒
胃膜素胶囊
胃乃安胶囊
胃逆康胶囊
胃宁散
胃痞消颗粒
胃气痛片
胃热清胶囊
胃散
胃舒宁胶囊
胃舒宁颗粒
胃舒宁片
胃舒片
胃舒欣颗粒
胃舒止痛胶囊
胃舒止痛片
胃苏颗粒
胃苏泡腾片
胃泰和胶囊
胃泰胶囊
胃太平胶囊
胃疼宁片
胃痛安合剂
胃痛定胶囊
胃痛定片
胃痛宁片
胃痛片
胃痛平胶囊
胃痛平糖浆
胃痛散
胃痛舒
胃痛舒片
胃痛丸
胃祥宁颗粒
胃欣舒胶囊
胃炎康胶囊
胃炎宁颗粒
胃疡安胶囊
胃疡灵胶囊
胃疡灵颗粒
胃疡宁丸
胃药胶囊
胃益胶囊
胃友新片
胃脘舒颗粒
胃脘舒片
胃铋镁颗粒
卫生宝丸
卫生培元丸
卫生散
卫生丸
卫胃颗粒
温补气血口服液
温补肾阳酒
温经白带丸
温经活血片
温经颗粒
温经丸
温经养血合剂
温经止痛膏
温六散
温脾固肠散
温脾止泻丸
温肾前列胶囊
温肾前列片
温肾全鹿丸
温肾苏拉甫片
温胃降逆颗粒
温胃舒胶囊
温胃舒颗粒
温胃舒泡腾片
温胃舒片
温胃止痛膏
温阳酒
温阳益肾口服液
温中和胃胶囊
温中止泻丸
稳心胶囊
稳心颗粒
稳心片
稳压胶囊
翁沥通胶囊
翁沥通颗粒
翁沥通片
卧龙散
乌贝胶囊
乌贝颗粒
乌贝散
乌苯美司
乌丹降脂颗粒
乌发丸
乌鸡白凤分散片
乌鸡白凤膏
乌鸡白凤胶囊
乌鸡白凤颗粒
乌鸡白凤口服液
乌鸡白凤片
乌鸡白凤软胶囊
乌鸡白凤丸
乌鸡地黄胶囊
乌鸡桂圆补酒
乌鸡桂圆养血口服液
乌鸡丸
乌鸡洋参胶囊
乌鸡养血糖浆
乌鸡增乳胶囊
乌金活血止痛胶囊
乌金活血止痛片
乌金胶囊
乌金口服液
乌金片
乌金丸
乌金止痛丸
乌军治胆胶囊
乌军治胆片
乌拉地尔
乌拉地尔氯化钠
乌拉地尔葡萄糖
乌兰三味汤散
乌兰十三味汤散
乌灵胶囊
乌龙散
乌龙养血胶囊
乌洛托品
乌麦益智合剂
乌梅人丹
乌梅丸
乌诺前列酮
乌诺前列酮异丙酯
乌蛇止痒丸
乌司他丁
乌头注射液
乌阳补心糖浆
乌圆补血口服液
乌枣健脑安神片
乌芪胶囊
乌苓苁蓉合剂
乌杞调脂口服液
屋尘螨变应原
无比山药丸
无敌丹胶囊
无敌药酒
无敌止痛搽剂
无极膏
无极丸
无水硫酸钠
无味黄连素片
无细胞百白破b型流感嗜血杆菌联合疫苗
无烟灸条
武红灵散
武力拔寒散
五柏参洗液
五参安神口服液
五参芪口服液
五参芪苓丸
五氟利多
五福化毒片
五福化毒丸
五根胶囊
五根散
五根油丸
五更太平丸
五桂温经片
五海癭瘤丸
五海丸
五海瘿瘤丸
五虎丹胶囊
五虎散
五花茶颗粒
五黄膏
五黄养阴颗粒
五积颗粒
五积散酒
五积丸
五加参蛤蚧精
五加参归芪精
五加参精
五加参颗粒
五加更年胶囊
五加更年颗粒
五加更年片
五加皮酒
五加片
五加茸血口服液
五加生化胶囊
五加双参片
五加芪菊颗粒
五粒回春丸
五淋化石胶囊
五淋化石丸
五淋丸
五羚丹胶囊
五灵肝复胶囊
五灵胶囊
五灵丸
五灵止痛胶囊
五灵止痛片
五面星除湿酊
五妙水仙膏
五鹏丸
五仁醇
五仁醇胶囊
五仁醇软胶囊
五仁润肠丸
五水头孢唑林钠
五松肿痛酊
五塔标行军散
五维B颗粒
五维甘草那敏
五维赖氨酸颗粒
五维赖氨酸口服溶液
五维赖氨酸片
五维赖氨酸葡萄糖
五维牛磺酸口服溶液
五维葡钙口服溶液
五维葡萄糖
五维他口服溶液
五维他口服液
五味安神颗粒
五味甘露药浴颗粒
五味甘露药浴汤散
五味甘露药浴洗剂
五味甘露滋补丸
五味黄连丸
五味健脑合剂
五味健脑口服液
五味金色胶囊
五味金色丸
五味决明茶
五味苦参肠溶胶囊
五味清浊散
五味清浊丸
五味沙棘含片
五味沙棘颗粒
五味沙棘散
五味石榴丸
五味通栓口服液
五味香连丸
五味渣驯胶囊
五味渣驯丸
五味治肝片
五味子胶囊
五味子颗粒
五味子片
五味子糖浆
五味子丸
五味獐牙菜汤散
五味獐牙莱汤散
五味麝香丸
五仙膏
五香伤膏
五香丸
五子补肾酒
五子降脂胶囊
五子衍宗胶囊
五子衍宗颗粒
五子衍宗口服液
五子衍宗片
五子衍宗软胶囊
五子衍宗丸
五子益肾酒
五苓胶囊
五苓片
五苓散
五肽胃泌素
五酯滴丸
五酯胶囊
五酯咀嚼片
五酯颗粒
五酯片
五酯软胶囊
五酯丸
五酯微丸
午时茶
午时茶胶囊
午时茶颗粒
戊己丸
戊四硝酯
戊酸雌二醇
戊酸雌二醇/雌二醇环丙孕酮
戊已丸
昔萘沙美特罗
昔萘酸沙美特罗
西达本胺
西地碘
西地磷酸苯丙哌林
西地那非
西地吡罗昔康
西格列汀
西格列汀二甲双胍I
西格列汀二甲双胍片II
西瓜霜
西瓜霜清咽含片
西瓜霜润喉片
西汉古酒
西红花十六味散
西红花总苷片
西黄胶囊
西黄清醒丸
西黄丸
西甲硅油
西拉普利
西立伐他汀
西立伐他汀钠
西羚丹
西羚解毒丸
西羚片
西羚丸
西罗莫司
西洛他唑
西美瑞韦
西尼地平
西帕依固龈泡腾片
西帕依固龈液
西帕依麦孜彼子胶囊
西帕依麦孜彼子颗粒
西帕依麦孜彼子口服液
西帕依麦孜彼子片
西青果茶
西青果颗粒
西沙必利
西替利嗪伪麻黄碱
西替伪麻
西妥昔单抗
西洋参花粉口服液
西洋参黄芪胶囊
西洋参胶囊
西洋参金钱龟合剂
西洋参颗粒
西洋参蜜炼川贝枇杷膏
西园喉药散
西吡氯铵
西咪替丁
西咪替丁氯化钠
硒酵母
硒杞补肝合剂
矽肺宁片
吸附白喉破伤风联合疫苗
吸附白喉疫苗
吸附百白破联合疫苗
吸附百日咳白喉联合疫苗
吸附百日咳白喉破伤风联合疫苗
吸附百日咳白喉破伤风乙型肝炎联合疫苗
吸附霍乱类毒素全菌体疫苗
吸附破伤风疫苗
吸附无细胞百白破联合疫苗
吸附无细胞百白破灭活脊髓灰质炎、b型流感嗜血杆菌联合疫苗
吸附无细胞百日咳疫苗
吸入用异丙托溴铵
吸收性明胶海绵
吸收性氧化纤维素
锡克试验毒素
锡类散
稀甘油
稀葡萄糖酸氯己定
稀戊二醛
稀盐酸
息喘丸
息咳糖浆
息伤乐酊
希明婷片
熄风通络头痛片
烯丙雌醇
犀角化毒丸
犀羚解毒丸
喜树碱
喜炎平注射液
喜字阿胶
细胞色素C
细菌溶解产物
细菌溶解物
细辛脑
细辛脑氯化钠
狭叶红景天片
下锭
下锭
下乳涌泉散
下消丸
夏枯草膏
夏枯草胶囊
夏枯草颗粒
夏枯草口服液
夏枯草片
夏荔芪胶囊
夏桑菊胶囊
夏桑菊颗粒
夏桑菊口服液
夏桑菊片
夏天无滴眼液
夏天无胶囊
夏天无片
夏天无丸
夏天无眼药水
夏天无注射液
仙参口服液
仙蛾酒
仙方活命片
仙骨参芪口服液
仙桂胶囊
仙鹤胶囊
仙黄胶囊
仙黄颗粒
仙乐雄胶囊
仙灵地黄补肾颗粒
仙灵骨葆胶囊
仙灵骨葆颗粒
仙灵骨葆片
仙灵脾胶囊
仙灵脾酒
仙灵脾咀嚼片
仙灵脾颗粒
仙灵脾片
仙鹿补酒
仙鹿口服液
仙人掌胃康胶囊
仙茸蛤蚧口服液
仙茸护肾胶囊
仙茸壮阳口服液
仙茸壮阳片
仙桃草膏
仙桃草片
仙芪眩宁颗粒
仙藜口服液
仙藿补肾合剂
仙藿温肾胶囊
仙璐贝滴剂
仙戟补肾胶囊
仙蟾片
鲜天麻胶囊
鲜益母草胶囊
鲜竹沥
鲜竹沥（淡竹沥）
鲜竹沥口服液
纤溶酶
显齿蛇葡萄总黄酮含片
腺苷
腺苷(供诊断用)
腺苷蛋氨酸
腺苷钴胺
香冰祛痛气雾剂
香草醛
香丹注射液
香附调经止痛丸
香附丸
香菇多糖
香菇多糖胶囊
香菇多糖片
香菇多糖注射液
香菇菌多糖
香归逍遥颗粒
香桂活血膏
香果健消胶囊
香果健消片
香荷止痒软膏
香菊感冒颗粒
香菊感冒软胶囊
香菊含漱液
香菊活血丸
香菊胶囊
香菊颗粒
香菊片
香莲丸
香连化滞片
香连化滞丸
香连胶囊
香连片
香连素片
香连丸
香连止泻片
香鹿益阳胶囊
香麻寒喘贴
香青百草油搽剂
香砂参术茶
香砂和胃丸
香砂和中丸
香砂积术丸
香砂理中丸
香砂六君合剂
香砂六君片
香砂六君丸
香砂平胃颗粒
香砂平胃散
香砂平胃丸
香砂胃痛散
香砂胃苓丸
香砂养胃胶囊
香砂养胃颗粒
香砂养胃片
香砂养胃乳剂
香砂养胃软胶囊
香砂养胃丸
香砂枳术丸
香芍颗粒
香石双解袋泡茶
香松通络油
香苏调胃片
香苏正胃丸
香藤胶囊
香通片
香药风湿止痛膏
香药胃安胶囊
香药胃安片
香叶醇软胶囊
香榆胃舒合剂
香元和胃颗粒
香云肝泰片
香芷正气胶囊
香茯益血口服液
湘曲
橡皮生肌膏
硝苯地平
硝苯地平(IV)
硝苯地平(Ⅰ)
硝苯地平(Ⅱ)
硝苯地平(Ⅲ)
硝卡芥
硝普钠
硝山异梨酯
硝酸奥昔康唑
硝酸布康唑
硝酸甘油
硝酸甘油(Ⅱ)
硝酸甘油氯化钠
硝酸甘油葡萄糖
硝酸硫胺
硝酸硫康唑
硝酸毛果芸香碱
硝酸毛果芸香碱0.5%
硝酸舍他康唑
硝酸士的宁
硝酸戊四醇酯
硝酸一叶萩碱
硝酸益康唑
硝酸异康唑
硝酸异山梨酯
硝酸异山梨酯氯化钠
硝酸异山梨酯葡萄糖
硝酸银
硝酸咪康唑
硝西泮
硝呋太尔
硝呋太尔制霉菌素
硝呋太尔制霉素
哮喘胶囊
哮喘宁颗粒
哮喘宁片
哮喘片
哮喘丸
消癥扶正口服液
消癥丸
消癥益肝片
消癌平滴丸
消癌平分散片
消癌平胶囊
消癌平咀嚼片
消癌平颗粒
消癌平口服液
消癌平片
消癌平软胶囊
消癌平糖浆
消癌平丸
消癌平注射液
消白软膏
消喘膏
消毒弹性创可贴
消尔痛酊
消风合剂
消风止痛宁
消风止痛宁胶囊
消风止痒颗粒
消疯散
消核膏
消核片
消化酶
消积肥儿丸
消积化虫胶囊
消积化虫散
消积化虫糖浆
消积化滞片
消积健儿颗粒
消积健儿片
消积洁白丸
消积通便胶囊
消积丸
消结安胶囊
消结安口服液
消咳喘分散片
消咳喘胶囊
消咳喘颗粒
消咳喘片
消咳喘糖浆
消咳胶囊
消咳颗粒
消咳宁
消咳宁片
消咳片
消咳平喘口服液
消咳糖浆
消渴安胶囊
消渴降糖胶囊
消渴降糖片
消渴康颗粒
消渴灵胶囊
消渴灵颗粒
消渴灵片
消渴灵丸
消渴平胶囊
消渴平片
消渴清颗粒
消渴通脉口服液
消渴丸
消淋败毒散
消淋败毒丸
消络痛胶囊
消络痛片
消糜栓
消糜阴道泡腾片
消疲灵颗粒
消痞和胃胶囊
消乳散结胶囊
消伤痛搽剂
消石胶囊
消石利胆胶囊
消石片
消食健儿冲剂
消食健儿颗粒
消食健儿糖浆
消食健脾片
消食健脾丸
消食健胃片
消食颗粒
消食理气颗粒
消食十味胶囊
消食十味丸
消食顺气片
消食贴
消食退热糖浆
消食养胃片
消栓肠溶胶囊
消栓合剂
消栓颗粒
消栓口服液
消栓通颗粒
消栓通络胶囊
消栓通络颗粒
消栓通络片
消栓再造丸
消痰咳片
消痰益康(糖浆)
消糖灵胶囊
消糖灵颗粒
消糖灵片
消痛宁注射液
消痛贴膏
消旋卡多曲
消旋山茛菪碱
消旋山莨菪碱
消眩止晕片
消炎胶囊
消炎解毒丸
消炎解痛巴布膏
消炎利胆滴丸
消炎利胆分散片
消炎利胆胶囊
消炎利胆颗粒
消炎利胆片
消炎利胆软胶囊
消炎灵胶囊
消炎灵片
消炎片
消炎生肌膏
消炎退热合剂
消炎退热胶囊
消炎退热颗粒
消炎癣湿药膏
消炎镇痛膏
消炎止咳胶囊
消炎止咳片
消炎止痢灵片
消炎止痛膏
消银胶囊
消银颗粒
消银片
消症扶正口服液
消痔灵片
消痔灵注射液
消痔软膏
消痔栓
消痔丸
消肿九味散
消肿片
消肿痛醋膏
消肿橡胶膏
消肿镇痛膏
消肿止痛贴
消肿止痛酊
消肿止痒搽剂
消肿痔疮胶囊
消肿痔疮片
消朦胶囊
消朦片
消朦眼膏
消痤丸
消瘀定痛膏
消瘀降脂胶囊
消瘀康胶囊
消瘀康片
消瘰夏枯草膏
消瘿气瘰丸
消瘿五海丸
袪暑露
小败毒膏
小半夏合剂
小柴胡冲剂
小柴胡胶囊
小柴胡颗粒
小柴胡泡腾片
小柴胡片
小柴胡汤丸
小柴胡丸
小儿氨酚黄那敏
小儿氨酚那敏
小儿氨酚匹林
小儿氨酚匹林咖啡因
小儿氨酚烷胺
小儿氨酚伪麻
小儿氨基酸
小儿氨咖黄敏
小儿安乃近
小儿白贝止咳糖浆
小儿百部止咳糖浆
小儿百乐片
小儿百寿丸
小儿百效片
小儿保安丸
小儿宝泰康颗粒
小儿贝诺酯
小儿贝诺酯维B1
小儿鼻炎片
小儿布洛芬
小儿布洛伪麻
小儿参术健脾丸
小儿柴桂退热颗粒
小儿柴桂退热口服液
小儿柴芩清解颗粒
小儿肠胃康颗粒
小儿抽风散
小儿大黄碳酸氢钠
小儿导赤片
小儿电解质补给
小儿定喘口服液
小儿定风丸
小儿对乙酰氨基酚
小儿对乙酰氨基酚异丙嗪
小儿多维生素(10)
小儿多维生素(9)
小儿多维元素(10)
小儿多维元素(9)
小儿肺闭宁片
小儿肺咳颗粒
小儿肺热咳喘颗粒
小儿肺热咳喘口服液
小儿肺热平胶囊
小儿肺热清颗粒
小儿肺炎散
小儿酚氨咖敏
小儿风热清合剂
小儿风热清颗粒
小儿风热清口服液
小儿敷脐止泻散
小儿扶脾颗粒
小儿复方阿司匹林
小儿复方氨酚烷胺
小儿复方氨基酸(18AA-Ⅰ)
小儿复方氨基酸(18AA-Ⅱ)
小儿复方氨基酸(19AA-Ⅰ)
小儿复方贝诺酯
小儿复方贝诺酯维B1
小儿复方磺胺二甲嘧啶
小儿复方磺胺甲噁唑
小儿复方磺胺甲噁唑(甜菊糖型)
小儿复方磺胺嘧啶
小儿复方鸡内金咀嚼片
小儿复方鸡内金散
小儿复方赖氨酸
小儿复方麻黄碱桔梗
小儿复方四维亚铁
小儿复方盐酸妥洛特罗
小儿复方呋喃西林
小儿复方麝香草酚
小儿腹泻宁
小儿腹泻宁袋泡剂
小儿腹泻宁合剂
小儿腹泻宁糖浆
小儿腹泻散
小儿腹泻贴
小儿肝炎颗粒
小儿感冒茶
小儿感冒颗粒
小儿感冒口服液
小儿感冒宁合剂
小儿感冒宁颗粒
小儿感冒宁糖浆
小儿感冒片
小儿感冒散
小儿感冒舒颗粒
小儿感冒退热糖浆
小儿功劳止泻颗粒
小儿广朴止泻口服液
小儿和胃丸
小儿和胃消食片
小儿葫芦散
小儿化毒胶囊
小儿化毒散
小儿化食口服液
小儿化食丸
小儿化痰丸
小儿化痰止咳颗粒
小儿化痰止咳糖浆
小儿化滞健脾丸
小儿化滞散
小儿黄龙颗粒
小儿回春丸
小儿积散
小儿急惊散
小儿健脾化积口服液
小儿健脾开胃合剂
小儿健脾颗粒(宝宝乐)
小儿健脾口服液
小儿健脾平肝颗粒
小儿健脾散
小儿健脾贴膏
小儿健脾丸
小儿健脾养胃颗粒
小儿健脾止泻丸
小儿健身片
小儿健胃咀嚼片
小儿健胃灵口服液
小儿健胃宁口服液
小儿健胃糖浆
小儿解表颗粒
小儿解表口服液
小儿解表止咳口服液
小儿解感颗粒
小儿解感片
小儿解热栓
小儿解热丸
小儿金丹
小儿金丹片
小儿金翘颗粒
小儿进食片
小儿惊安丸
小儿惊风片
小儿惊风七厘散
小儿惊风散
小儿久嗽丸
小儿九维片
小儿康颗粒
小儿抗惊片
小儿抗痫胶囊
小儿咳喘颗粒
小儿咳喘灵冲剂
小儿咳喘灵合剂
小儿咳喘灵颗粒
小儿咳喘灵口服液
小儿咳喘灵泡腾颗粒
小儿咳喘灵泡腾片
小儿咳宁糖浆
小儿咳嗽宁糖浆
小儿咳嗽糖浆
小儿利湿止泻颗粒
小儿良友散
小儿羚羊散
小儿硫酸庆大霉素
小儿硫酸亚铁
小儿六味增食膏
小儿麻甘颗粒
小儿麦枣咀嚼片
小儿麦枣片
小儿美敏伪麻
小儿秘通合剂
小儿秘通口服液
小儿明目丸
小儿磨积片
小儿牛黄颗粒
小儿牛黄清肺片
小儿牛黄清肺散
小儿牛黄清心散
小儿牛黄散
小儿暖脐膏
小儿脾健灵糖浆
小儿葡磷泛三钙
小儿七星茶冲剂
小儿七星茶颗粒
小儿七星茶口服液
小儿七星茶糖浆
小儿七珍片
小儿七珍丸
小儿奇应丸
小儿脐风散
小儿启脾片
小儿启脾丸
小儿清毒糖浆
小儿清肺八味丸
小儿清肺化痰咀嚼片
小儿清肺化痰颗粒
小儿清肺化痰口服液
小儿清肺化痰泡腾片
小儿清肺颗粒
小儿清肺散
小儿清肺丸
小儿清肺止咳片
小儿清感灵片
小儿清解颗粒
小儿清凉止痒酊
小儿清热感康口服液
小儿清热感冒片
小儿清热化痰栓
小儿清热利肺口服液
小儿清热灵
小儿清热灵片
小儿清热宁颗粒
小儿清热片
小儿清热宣肺贴膏
小儿清热镇惊散
小儿清热止咳合剂
小儿清热止咳颗粒
小儿清热止咳口服液
小儿清热止咳糖浆
小儿清热止咳丸
小儿清咽颗粒
小儿热咳口服液
小儿热咳清胶囊
小儿热咳清颗粒
小儿热速清颗粒
小儿热速清口服液
小儿热速清糖浆
小儿乳酸菌素
小儿善存片
小儿善存液
小儿渗湿止泻散
小儿生血糖浆
小儿十维颗粒
小儿石蔻散
小儿疏表丸
小儿暑感宁糖浆
小儿双磺甲氧苄啶
小儿双解止泻颗粒
小儿双金清热口服液
小儿双清颗粒
小儿双嘧啶
小儿四维钙
小儿四维葡钙
小儿四症丸
小儿太极丸
小儿碳酸钙D3
小儿吐泻宁
小儿吐泻宁散
小儿退热合剂
小儿退热颗粒
小儿退热口服液
小儿维生素
小儿伪麻
小儿伪麻美芬
小儿胃宝片
小儿胃宝丸
小儿五维赖氨酸
小儿喜食咀嚼片
小儿喜食颗粒
小儿喜食泡腾片
小儿喜食片
小儿喜食糖浆
小儿香橘丸
小儿消积化虫散
小儿消积驱虫散
小儿消积丸
小儿消积止咳颗粒
小儿消积止咳口服液
小儿消咳片
小儿消食健胃丸
小儿消食咀嚼片
小儿消食开胃颗粒
小儿消食颗粒
小儿消食片
小儿消炎栓
小儿小檗碱
小儿泄泻停颗粒
小儿泻痢片
小儿泻速停颗粒
小儿泻止散
小儿宣肺止咳颗粒
小儿咽扁冲剂
小儿咽扁颗粒
小儿盐酸赖氨酸
小儿盐酸异丙嗪
小儿厌食颗粒
小儿厌食口服液
小儿夜啼颗粒
小儿益麻颗粒
小儿愈美那敏
小儿增食颗粒
小儿增食片
小儿增食丸
小儿珍贝散
小儿珍珠镇惊丸
小儿镇惊散
小儿镇惊丸
小儿止咳糖浆
小儿止嗽金丹
小儿止嗽糖浆
小儿止嗽丸
小儿止泻安颗粒
小儿止泻膏
小儿止泻灵胶囊
小儿止泻灵颗粒
小儿止泻片
小儿止泻贴
小儿至宝丸
小儿智力糖浆
小儿治哮灵片
小儿珠黄散
小儿紫草丸
小儿芪楂口服液
小儿琥珀丸
小儿枸磺新啶
小儿疳积糖
小儿豉翘清热颗粒
小儿鞣酸小檗碱
小活络片
小活络丸
小建中合剂
小建中胶囊
小建中颗粒
小建中片
小金胶囊
小金片
小金丸
小麦纤维素
小牛脾提取物
小牛血清去蛋白
小牛血去蛋白提取物
小牛血去蛋白提取物氯化钠
小诺霉素
小青龙合剂
小青龙胶囊
小青龙颗粒
小青龙口服液
小青龙糖浆
小檗碱甲氧苄啶
小襞碱
蝎毒
蝎杞酒
协日嘎四味汤胶囊
协日嘎四味汤散
蟹黄肤宁软膏
泻白糖浆
泻白丸
泻定胶囊
泻毒散
泻肺定喘片
泻肝安神胶囊
泻肝安神丸
泻火解毒片
泻痢保童丸
泻痢固肠片
泻痢固肠丸
泻痢宁片
泻痢消胶囊
泻痢消片
泻痢消丸
泻青丸
泻热合剂
泻停封胶囊
泻停胶囊
锌布
欣力康胶囊
欣力康颗粒
辛伐他汀
辛芳鼻炎胶囊
辛龙桂枝膏
辛香止痛吸入剂
辛夷鼻炎丸
辛芩胶囊
辛芩颗粒
辛芩片
新阿胶
新碧桃仙片
新地松
新肤螨灵软膏
新福菌素
新复方大青叶片
新复方芦荟胶囊
新甲硝唑
新健胃片
新乐康片
新力正骨喷雾剂
新霉素氟轻松
新氢松软膏
新清宁胶囊
新清宁片
新生化颗粒
新生化片
新斯的明
新型狗皮膏
新雪胶囊
新雪颗粒
新雪片
新雪丸
新血宝胶囊
新鱼腥草素钠
新鱼腥草素钠氯化钠
新胂凡纳明
新癀片
心安胶囊
心安口服液
心安宁胶囊
心安宁片
心安软胶囊
心宝丸
心达康滴丸
心达康分散片
心达康胶囊
心达康咀嚼片
心达康片
心达康软胶囊
心复康胶囊
心肝宝胶囊
心肌康颗粒
心肌泰胶囊
心肌肽
心可宁胶囊
心可舒胶囊
心可舒咀嚼片
心可舒颗粒
心可舒片
心可舒丸
心力神合剂
心力丸
心灵丸
心律宁片
心脉安片
心脉隆注射液
心脉通胶囊
心脉通片
心脑健胶囊
心脑健片
心脑静片
心脑康胶囊
心脑康片
心脑联通胶囊
心脑宁胶囊
心脑清软胶囊
心脑舒颗粒
心脑舒口服液
心脑舒通胶囊
心脑舒通片
心脑通口服液
心脑欣胶囊
心脑欣片
心脑欣丸
心宁胶囊
心宁片
心脾补益颗粒
心荣胶囊
心荣颗粒
心荣口服液
心荣片
心神安胶囊
心神宁胶囊
心神宁片
心舒宝胶囊
心舒宝片
心舒胶囊
心舒静吸入剂
心舒乐片
心舒宁胶囊
心舒宁片
心舒丸
心速宁胶囊
心通颗粒
心通口服液
心痛康胶囊
心痛康片
心痛宁滴丸
心痛宁喷雾剂
心痛舒喷雾剂
心胃止痛胶囊
心无忧片
心欣舒胶囊
心血宁胶囊
心血宁片
心益好胶囊
心益好片
心元胶囊
心悦胶囊
星瑙灵
星瑙灵片
行军散
行气活血颗粒
醒脑安神胶囊
醒脑安神片
醒脑降压丸
醒脑静注射液
醒脑库克亚片
醒脑牛黄清心片
醒脑再造胶囊
醒脑再造丸
醒脑酊
醒脾胶囊
醒脾开胃颗粒
醒脾养儿胶囊
醒脾养儿颗粒
醒消丸
杏贝止咳颗粒
杏荷止咳糖浆
杏灵滴丸
杏灵分散片
杏灵胶囊
杏灵颗粒
杏灵片
杏仁止咳合剂
杏仁止咳颗粒
杏仁止咳口服液
杏仁止咳糖浆
杏仁腈
杏苏感冒颗粒
杏苏合剂
杏苏止咳颗粒
杏苏止咳口服液
杏苏止咳露
杏苏止咳软胶囊
杏苏止咳糖浆
杏香兔耳风胶囊
杏香兔耳风颗粒
杏香兔耳风片
杏香兔耳风软胶囊
杏芎氯化钠
杏菀止咳颗粒
胸腺蛋白
胸腺法新
胸腺五肽
胸腺肽
胸腺肽α1
胸腺肽氯化钠
雄蛾参茸合剂
熊胆川贝口服液
熊胆滴丸
熊胆滴眼液
熊胆跌打膏
熊胆粉
熊胆粉滴眼液
熊胆含片
熊胆黄芩滴眼液
熊胆降热片
熊胆胶囊
熊胆酒
熊胆救心丹
熊胆救心胆
熊胆救心丸
熊胆救心丸(熊胆救心丹)
熊胆咀嚼片
熊胆开明片
熊胆排石片
熊胆舒肝利胆胶囊
熊胆栓
熊胆丸
熊胆眼药水
熊胆茵陈口服液
熊胆痔疮膏
熊胆痔灵膏
熊胆痔灵栓
熊去氧胆酸
虚寒胃痛胶囊
虚寒胃痛颗粒
虚汗停胶囊
虚汗停颗粒
虚汗停糖浆
续参酒
续断壮骨胶囊
宣肺止嗽合剂
玄归滴丸
玄胡止痛片
玄驹胶囊
玄驹片
玄麦甘桔含片
玄麦甘桔胶囊
玄麦甘桔颗粒
玄麦柑桔颗粒
玄七通痹胶囊
玄夏祛毒胶囊
玄芪口服液
癣灵药水
癣湿药水
癣药膏
癣药玉红膏
眩晕宁颗粒
眩晕宁片
雪胆解毒丸
雪胆素胶囊
雪胆素片
雪胆胃肠丸
雪哈虫草软胶囊
雪哈大补素片
雪哈灵芝酒
雪梨膏
雪梨止咳糖浆
雪莲虫草合剂
雪莲归芪口服液
雪莲口服液
雪莲药酒
雪莲注射液
雪马口服液
雪奇药酒
雪山金罗汉止痛涂膜剂
雪山胃宝胶囊
雪山胃宝丸
雪上花搽剂
雪上一枝蒿片
雪上一枝蒿速效止痛搽剂
雪上一枝蒿总碱注射液
血安胶囊
血宝胶囊
血宝片
血必净注射液
血府逐瘀胶囊
血府逐瘀颗粒
血府逐瘀口服液
血府逐瘀泡腾片
血府逐瘀片
血府逐瘀软胶囊
血府逐瘀丸
血复生胶囊
血复生片
血管紧张素
血见宁
血竭伤愈散
血康胶囊
血康颗粒
血康口服液
血络通胶囊
血络通口服液
血脉清片
血脉通胶囊
血美安胶囊
血美安片
血尿安胶囊
血尿安片
血尿胶囊
血尿片
血凝酶
血宁安吉杷尔糖浆
血宁胶囊
血宁颗粒
血宁片
血宁糖浆
血平胶囊
血平片
血塞通滴丸
血塞通分散片
血塞通胶囊
血塞通咀嚼片
血塞通颗粒
血塞通泡腾片
血塞通片
血塞通软胶囊
血塞通注射液
血骚普清散
血生口服液
血栓通胶囊
血栓通注射液
血栓心脉宁胶囊
血栓心脉宁片
血速升颗粒
血压安巴布膏
血压平片
血液保存液(Ⅰ)
血液保存液(Ⅱ)
血液保存液(Ⅲ)
血液滤过置换基础液
血液滤过置换液
血再生片
血脂康胶囊
血脂康片
血脂灵胶囊
血脂灵片
血脂宁丸
血脂平胶囊
血滞通胶囊
血卟啉
血瘀通颗粒
鸦胆子油
鸦胆子油口服乳
鸦胆子油口服乳液
鸦胆子油乳注射液
鸦胆子油软胶囊
牙痛宁滴丸
牙痛清火口服液
牙痛停滴丸
牙痛药水
牙痛一粒丸
雅叫哈顿散
雅解片
亚胺培南西司他丁
亚胺培南西司他丁钠
亚甲蓝
亚硫酸氢钠
亚硫酸氢钠甲萘醌
亚砷酸
亚砷酸氯化钠
亚硒酸钠
亚锡二巯丁二钠
亚锡甲氧异腈
亚锡焦磷酸钠
亚锡聚合白蛋白
亚锡喷替酸
亚锡葡庚糖酸钠
亚锡葡萄糖酸钙
亚锡双半胱氨酸
亚锡双半胱乙酯
亚锡替曲膦
亚锡亚甲基二膦酸盐
亚锡依替菲宁
亚锡右旋糖酐105
亚锡植酸钠
亚细亚皂甙
亚硝酸钠
亚硝酸异戊酯
亚叶酸
亚叶酸钙
亚叶酸钙氯化钠
亚叶酸钠
亚油酸
亚油酸维生素E/二维芦丁
咽喉宁喷雾剂
咽喉清喉滴丸
咽喉清喉片
咽喉舒喷雾剂
咽喉消炎丸
咽康滴丸
咽康含片
咽立爽口含滴丸
咽舒合剂
咽舒胶囊
咽舒口服液
咽速康气雾剂
咽炎含片
咽炎胶囊
咽炎片
咽炎清滴丸
咽炎清片
咽炎清丸
烟酸
烟酸肌醇酯
烟酸占替诺
烟酸占替诺氯化钠
烟酸占替诺葡萄糖
烟肼丁醇
烟酰胺
烟酰胺葡萄糖
盐蛇散
盐酸阿比多尔
盐酸阿夫唑嗪
盐酸阿罗洛尔
盐酸阿米洛利
盐酸阿米替林
盐酸阿莫地喹
盐酸阿莫罗芬
盐酸阿扑吗啡
盐酸阿普林定
盐酸阿奇霉素
盐酸阿柔比星
盐酸阿糖胞苷
盐酸阿扎司琼
盐酸阿扎司琼氯化钠
盐酸埃克替尼
盐酸艾司洛尔
盐酸氨基葡萄糖
盐酸氨酮戊酸
盐酸氨溴索
盐酸氨溴索氯化钠
盐酸氨溴索葡萄糖
盐酸安非他酮
盐酸安普乐定
盐酸安他唑啉
盐酸安妥沙星
盐酸胺碘酮
盐酸昂丹司琼
盐酸昂丹司琼氯化钠
盐酸昂丹司琼葡萄糖
盐酸奥布卡因
盐酸奥洛他定
盐酸奥普力农
盐酸奥昔布宁
盐酸奥昔非君
盐酸巴氨西林
盐酸巴尼地平
盐酸班布特罗
盐酸贝凡洛尔
盐酸贝那普利
盐酸贝那替秦
盐酸贝尼地平
盐酸倍他洛尔
盐酸倍他司汀
盐酸倍他司汀氯化钠
盐酸苯氨咪唑啉
盐酸苯海拉明
盐酸苯海索
盐酸苯环壬酯
盐酸苯乙双胍
盐酸苯羟甲胺
盐酸表柔比星
盐酸丙卡特罗
盐酸丙美卡因
盐酸丙米嗪
盐酸丙帕他莫
盐酸丙哌维林
盐酸博安霉素
盐酸博来霉素
盐酸布比卡因
盐酸布酚宁
盐酸布桂嗪
盐酸布替萘芬
盐酸川芎嗪
盐酸川芎嗪氯化钠
盐酸川芎嗪葡萄糖
盐酸达泊西汀
盐酸达克罗宁
盐酸达拉他韦
盐酸大观霉素
盐酸氮芥
盐酸氮卓斯汀
盐酸地尔硫
盐酸地尔硫卓
盐酸地尔硫卓(Ⅱ)
盐酸地芬尼多
盐酸地拉卓
盐酸地美索酯
盐酸地匹福林
盐酸丁丙诺啡
盐酸丁卡因
盐酸丁咯地尔
盐酸丁咯地尔氯化钠
盐酸丁咯地尔葡萄糖
盐酸丁氯喘
盐酸丁螺环酮
盐酸度洛西汀
盐酸多巴胺
盐酸多巴酚丁胺
盐酸多巴酚丁胺葡萄糖
盐酸多奈哌齐
盐酸多柔比星
盐酸多柔比星脂质体
盐酸多塞平
盐酸多沙普仑
盐酸多西环素
盐酸厄洛替尼
盐酸二甲弗林
盐酸二甲双胍
盐酸二甲双胍(Ⅱ)
盐酸二氢埃托啡
盐酸二氧丙嗪
盐酸二氧异丙嗪
盐酸伐地那非
盐酸伐昔洛韦
盐酸法舒地尔
盐酸非那吡啶
盐酸非索非那定
盐酸芬氟拉明
盐酸酚苄明
盐酸氟奋乃静
盐酸氟桂利嗪
盐酸氟西汀
盐酸氟西汀罗
盐酸氟哌噻吨
盐酸高血糖素
盐酸格拉司琼
盐酸格拉司琼氯化钠
盐酸格拉司琼葡萄糖
盐酸关附甲素
盐酸海索那林
盐酸槐定碱
盐酸环丙沙星
盐酸环丙沙星葡萄糖
盐酸环仑特罗
盐酸环喷托酯
盐酸黄酮哌酯
盐酸吉西他滨
盐酸加替沙星
盐酸加替沙星氯化钠
盐酸甲氯芬酯
盐酸甲麻黄碱
盐酸甲氧氯普胺
盐酸甲氧明
盐酸甲氧那明
盐酸甲哌卡因
盐酸甲哌卡因/肾上腺素
盐酸甲砜霉素甘氨酸酯
盐酸金刚烷胺
盐酸金刚乙胺
盐酸金霉素
盐酸精氨酸
盐酸精氨酸葡萄糖
盐酸决奈达隆
盐酸卡波罗孟
盐酸卡替洛尔
盐酸可乐定
盐酸克林霉素
盐酸克林霉素氯化钠
盐酸克林霉素葡萄糖
盐酸克林霉素棕榈酸酯
盐酸克伦特罗
盐酸拉贝洛尔
盐酸赖氨酸
盐酸赖氨酸氯化钠
盐酸赖氨酸葡萄糖
盐酸乐卡地平
盐酸雷洛昔芬
盐酸雷莫司琼
盐酸雷尼替丁
盐酸雷尼替丁氯化钠
盐酸利多卡因
盐酸利多卡因(Ⅰ)
盐酸利多卡因(Ⅱ)
盐酸利多卡因(溶媒用)
盐酸利多卡因氯化钠
盐酸利多卡因葡萄糖
盐酸利托君
盐酸林可霉素
盐酸林可霉素氯化钠
盐酸林可霉素葡萄糖
盐酸硫必利
盐酸硫必利氯化钠
盐酸硫利哒嗪
盐酸芦氟沙星
盐酸氯胺酮
盐酸氯丙那林
盐酸氯丙嗪
盐酸氯环利嗪
盐酸氯雷他定
盐酸氯米帕明
盐酸氯普鲁卡因
盐酸氯普噻吨
盐酸氯哌丁
盐酸仑氨西林
盐酸罗格列酮
盐酸罗匹尼罗
盐酸罗沙替丁醋酸酯
盐酸罗通定
盐酸罗哌卡因
盐酸罗哌卡因氯化钠
盐酸洛贝林
盐酸洛非西定
盐酸洛美利嗪
盐酸洛美沙星
盐酸洛美沙星氯化钠
盐酸洛美沙星葡萄糖
盐酸洛哌丁胺
盐酸麻黄碱
盐酸马尼地平
盐酸马普替林
盐酸吗啡
盐酸吗啉胍
盐酸美贝维林
盐酸美金刚
盐酸美沙酮
盐酸美司坦
盐酸美他环素
盐酸美西律
盐酸米安色林
盐酸米多君
盐酸米那普仑
盐酸米诺环素
盐酸米托蒽醌
盐酸米托蒽醌氯化钠
盐酸米托蒽醌葡萄糖
盐酸莫雷西嗪
盐酸莫索尼定
盐酸莫西沙星
盐酸莫西沙星氯化钠
盐酸纳布啡
盐酸纳洛酮
盐酸纳美芬
盐酸纳曲酮
盐酸奈福泮
盐酸奈福泮氯化钠
盐酸奈福泮葡萄糖
盐酸尼非卡兰
盐酸尼卡地平
盐酸尼卡地平氯化钠
盐酸尼卡地平葡萄糖
盐酸尼莫司汀
盐酸帕罗西汀
盐酸帕洛诺司琼
盐酸平阳霉素
盐酸普拉克索
盐酸普鲁卡因
盐酸普鲁卡因胺
盐酸普鲁卡因氯化钠
盐酸普罗帕酮
盐酸普萘洛尔
盐酸齐拉西酮
盐酸青藤碱
盐酸氢吗啡酮
盐酸曲马多
盐酸曲美他嗪
盐酸曲普利啶
盐酸曲吡那敏
盐酸曲唑酮
盐酸屈他维林
盐酸去甲万古霉素
盐酸去氯羟嗪
盐酸去氧肾上腺素
盐酸柔红霉素
盐酸瑞芬太尼
盐酸塞利洛尔
盐酸赛庚啶
盐酸赛克力嗪
盐酸赛洛唑啉
盐酸三氟拉嗪
盐酸三氟哌多
盐酸沙丙蝶呤
盐酸沙格雷酯
盐酸舍曲林
盐酸肾上腺素
盐酸双氧异丙嗪
盐酸司来吉兰
盐酸司他斯汀
盐酸四环素
盐酸四环素醋酸可的松
盐酸索他洛尔
盐酸坦洛新
盐酸坦索罗辛
盐酸特比萘芬
盐酸特拉唑嗪
盐酸替利定
盐酸替罗非班
盐酸替罗非班氯化钠
盐酸替扎尼定
盐酸头孢甲肟
盐酸头孢卡品酯
盐酸头孢他美酯
盐酸头孢替安
盐酸头孢吡肟
盐酸土霉素
盐酸托泊替康
盐酸托莫西汀
盐酸托烷司琼
盐酸托烷司琼氯化钠
盐酸托烷司琼葡萄糖
盐酸托哌酮
盐酸妥卡尼
盐酸妥拉唑啉
盐酸妥洛特罗
盐酸拓扑替康
盐酸万古霉素
盐酸维拉帕米
盐酸伪麻黄碱
盐酸文拉法辛
盐酸乌拉地尔
盐酸戊乙奎醚
盐酸西布曲明
盐酸西那卡塞
盐酸西替利嗪
盐酸消旋山莨菪碱
盐酸消旋山莨菪碱氯化钠
盐酸小檗胺
盐酸小檗碱
盐酸依匹斯汀
盐酸依普拉酮
盐酸伊达比星
盐酸伊伐布雷定
盐酸伊立替康
盐酸伊曲康唑
盐酸伊托必利
盐酸乙胺丁醇
盐酸乙哌立松
盐酸异丙肾上腺素
盐酸异丙嗪
盐酸异可利定
盐酸右美托咪定
盐酸左布比卡因
盐酸左布诺洛尔
盐酸左卡巴斯汀
盐酸左西替利嗪
盐酸左旋咪唑
盐酸左氧氟沙星
盐酸左氧氟沙星氯化钠
盐酸左氧氟沙星葡萄糖
盐酸苄达明
盐酸苄普地尔
盐酸萘甲唑啉
盐酸萘替芬
盐酸吡格列酮
盐酸吡硫醇
盐酸吡硫醇氯化钠
盐酸吡硫醇葡萄糖
盐酸吡柔比星
盐酸哌甲酯
盐酸哌仑西平
盐酸哌罗匹隆
盐酸哌替啶
盐酸哌唑嗪
盐酸咪达普利
盐酸喹那普利
盐酸噻氯匹定
盐酸溴己新
盐酸溴己新葡萄糖
盐酸缬更昔洛韦
盐酸肼屈嗪
盐酸胍甲环素
盐酸罂粟碱
盐酸罂粟碱氯化钠
盐酸羟甲唑啉
盐酸羟考酮
盐酸羟苄唑
盐酸羟嗪
盐酸羟钴胺
岩白菜素
岩果止咳液
岩黄连注射液
岩鹿乳康胶囊
岩鹿乳康片
延参健胃胶囊
延丹胶囊
延丹胃舒胶囊
延丹益心胶囊
延胡胃安胶囊
延寄参胶囊
延龄长春胶囊
延寿片
延枳丹胶囊
炎见宁片
炎可宁胶囊
炎可宁片
炎可宁丸
炎痢净片
炎立消胶囊
炎立消片
炎立消丸
炎宁胶囊
炎宁颗粒
炎宁片
炎宁糖浆
炎热清胶囊
炎热清颗粒
炎热清片
炎热清软胶囊
炎消迪娜儿糖浆
炎琥宁
炎琥宁氯化钠
眼氨肽
艳友茶
厌食康颗粒
羊胆
羊胆水胶囊
羊肝明目片
羊羔补酒
羊藿巴戟口服液
羊藿三川颗粒
羊藿三七胶囊
羊藿三七片
羊藿益肾酒
羊痫疯丸
羊痫疯癫丸
洋参保肺胶囊
洋参保肺颗粒
洋参保肺口服液
洋参保肺丸
洋参虫草益肾口服液
洋参龟灵口服液
洋参五加口服液
洋参雪哈口服液
洋地黄毒苷
阳参益肾胶囊
阳春合剂
阳春胶囊
阳春口服液
阳春玉液
阳和解凝膏
氧氟沙星
氧氟沙星甘露醇
氧氟沙星氯化钠
氧氟沙星葡萄糖
氧氟沙星山梨醇
氧化淀粉
氧化铅
氧化锌
氧化锌硫软膏
氧化锌升华硫
氧化亚氮
氧化樟脑
氧烯洛尔
养肺丸
养肝还睛丸
养肝胶囊
养肝口服液
养肝明目片
养肝益肾袋泡茶
养脾散
养荣百草丸
养荣丸
养荣祛斑膏
养肾补血颗粒
养肾活血酒
养胃颗粒
养胃宁胶囊
养胃片
养胃舒胶囊
养胃舒颗粒
养胃舒片
养胃舒软胶囊
养心安眠胶囊
养心安神丸
养心达瓦依米西克蜜膏
养心定悸膏
养心定悸胶囊
养心定悸颗粒
养心定悸口服液
养心宁神丸
养心生脉颗粒
养心氏片
养心丸
养血安神颗粒
养血安神片
养血安神糖浆
养血安神丸
养血补肾口服液
养血补肾丸
养血当归胶囊
养血当归颗粒
养血当归口服液
养血当归软胶囊
养血当归糖浆
养血调经膏
养血固本胶囊
养血口服液
养血清脑颗粒
养血清脑丸
养血荣发颗粒
养血荣筋丸
养血生发胶囊
养血退热丸
养血饮胶囊
养血饮颗粒
养血饮口服液
养血饮片
养血愈风酒
养血祛风丸
养阴护齿含片
养阴降糖颗粒
养阴降糖片
养阴降压胶囊
养阴口香合剂
养阴清肺膏
养阴清肺合剂
养阴清肺颗粒
养阴清肺口服液
养阴清肺糖浆
养阴清肺糖浆(低糖型)
养阴清肺丸
养阴清胃颗粒
养阴生血合剂
养阴通秘胶囊
养阴镇静片
养阴镇静丸
养元益肾酒
养正合剂
养正消积胶囊
腰痹通胶囊
腰肾膏
腰疼丸
腰痛胶囊
腰痛宁胶囊
腰痛片
腰痛丸
腰腿痛丸
腰息痛胶囊
腰椎痹痛丸
药艾条
药酒丸
药墨
药用灸条
药用炭
药制龟苓膏
药制橄榄盐
椰露止咳合剂
噎膈丸
野菊花胶囊
野菊花颗粒
野菊花栓
野菊花注射液
野马追颗粒
野马追片
野马追糖浆
野牡丹颗粒
野牡丹止痢片
野木瓜胶囊
野木瓜颗粒
野木瓜片
野木瓜注射液
野苏胶囊
野苏颗粒
叶金排石胶囊
叶绿素铜钠
叶绿油
叶酸
叶酸维B12
叶下珠分散片
叶下珠胶囊
叶下珠颗粒
叶下珠片
腋臭粉
夜尿宁丸
夜宁合剂
夜宁胶囊
夜宁颗粒
夜宁口服液
夜宁糖浆
液体清凉油
液状琼玉膏
液状石蜡
一把抓
一粒止痛丸
一粒珠
一捻金
一捻金[指:散剂]
一捻金胶囊
一清滴丸
一清胶囊
一清颗粒
一清片
一清软胶囊
一扫光药膏
一枝蒿伤湿祛痛膏
一洲洋参胶囊
一柱天酒
医痫丸
依巴斯汀
依达拉奉
依地酸钙钠
依非韦伦
依酚氯铵
依降钙素
依卡倍特钠
依马打正红花油
依米丁
依那普利
依那普利拉
依那普利氢氯噻嗪
依那普利氢氯噻嗪(Ⅱ)
依那西普
依诺肝素钠
依诺沙星
依帕司他
依普黄酮
依普沙坦
依曲韦林
依他尼酸
依他尼酸钠
依替巴肽
依替膦酸二钠
依托泊苷
依托度酸
依托芬那酯
依托红霉素
依托考昔
依托孕烯
依托咪酯
依托咪酯乳状
依托咪酯脂肪乳
依维莫司
依西美坦
依折麦布
依折麦布辛伐他汀
伊班膦酸
伊班膦酸钠
伊布替尼
伊来西胺
伊洛前列素
伊米苷酶
伊木萨克片
伊曲康唑
伊痛舒合剂
伊痛舒口服液
伊痛舒注射液
伊维菌素
伊血安颗粒
颐和春胶囊
颐和春颗粒
颐和春口服液
颐神颗粒
遗尿停胶囊
胰胆舒胶囊
胰胆舒颗粒
胰胆炎合剂
胰蛋白酶
胰岛素
胰激肽原酶
胰酶
胰酶肠溶片
胰糜酶
宜肝乐颗粒
彝心康胶囊
蚁参护肝口服液
蚁参药酒
蚁参蠲痹胶囊
蚁陈固涩口服液
蚁红通络口服液
蚁黄口服液
蚁黄通络胶囊
蚁灵口服液
已酮可可碱氯化钠
乙胺利福异烟
乙胺硫脲
乙胺吡嗪利福异烟
乙胺吡嗪利福异烟II
乙胺嘧啶
乙肝扶正胶囊
乙肝健胶囊
乙肝健片
乙肝健片(A、B)
乙肝解毒胶囊
乙肝解毒丸
乙肝灵胶囊
乙肝灵丸
乙肝免疫球蛋白
乙肝宁颗粒
乙肝宁片
乙肝清热解毒胶囊
乙肝清热解毒颗粒
乙肝清热解毒片
乙肝舒康胶囊
乙肝舒康颗粒
乙肝舒康片
乙肝养阴活血颗粒
乙肝益气解郁颗粒
乙基纤维素
乙诺奇
乙水杨胺
乙型肝炎免疫球蛋白
乙型肝炎人免疫球蛋白
乙型脑炎纯化疫苗
乙型脑炎纯化疫苗(地鼠肾细胞)
乙型脑炎减毒活疫苗
乙型脑炎灭活疫苗
乙型脑炎灭活疫苗(Vero细胞)
乙氧苯柳胺
乙氧黄酮
乙琥胺
乙酰胺
乙酰胺吡咯烷酮
乙酰半胱氨酸
乙酰谷酰胺
乙酰谷酰胺氯化钠
乙酰谷酰胺葡萄糖
乙酰吉他霉素
乙酰螺旋霉素
乙酰麦迪霉素
乙酰水杨酸
乙酰水杨酸锌
乙酰水杨酸孕烯诺龙
乙酰天麻素
乙酰乌头碱
乙酰唑胺
抑亢散
抑亢丸
抑眩宁胶囊
抑眩宁颗粒
抑肽酶
抑肽酶氯化钠
益安回生口服液
益安宁丸
益鼻喷雾剂
益胆胶囊
益胆片
益多酯
益肺化痰胶囊
益肺健脾颗粒
益肺胶囊
益肺清化膏
益肺清化颗粒
益肺止咳胶囊
益妇止血丸
益肝冲剂
益肝除湿合剂
益肝膏
益肝活血明目丸
益肝解毒茶
益肝颗粒
益肝乐胶囊
益肝乐颗粒
益肝灵滴丸
益肝灵分散片
益肝灵胶囊
益肝灵片
益肝灵软胶囊
益肝灵液体胶囊
益肝明目口服液
益肝养血酒
益宫颗粒
益宫宁血口服液
益津降糖胶囊
益津降糖颗粒
益津降糖口服液
益精口服液
益康倍松乳膏
益康补元颗粒
益康胶囊
益坤康宁片
益坤宁颗粒
益坤宁片
益坤宁酊
益坤丸
益龄精
益龄精口服液
益脉康滴丸
益脉康分散片
益脉康胶囊
益脉康片
益脉康软胶囊
益母草（含鲜益母草）膏
益母草（含鲜益母草）胶囊
益母草（含鲜益母草）颗粒
益母草（含鲜益母草）片
益母草分散片
益母草膏
益母草胶囊
益母草颗粒
益母草颗粒 (无糖型)
益母草口服液
益母草流浸膏
益母草片
益母草软胶囊
益母草注射液
益母冲剂
益母胶囊
益母康颗粒
益母颗粒
益母片
益母丸
益脑复健胶囊
益脑胶囊
益脑宁胶囊
益脑宁片
益脑片
益脑心颗粒
益诺胶囊
益气安神片
益气补肾胶囊
益气补血片
益气聪明丸
益气复脉胶囊
益气复脉颗粒
益气复脉口服液
益气固肾胶囊
益气和胃胶囊
益气活血颗粒
益气健脾口服液
益气健肾膏
益气六君丸
益气强身胶囊
益气强身颗粒
益气润肠膏
益气生津茶
益气生津降糖胶囊
益气舒肝片
益气糖康胶囊
益气提神含片
益气通便颗粒
益气通络颗粒
益气维血胶囊
益气维血颗粒
益气维血片
益气温阳胶囊
益气消渴颗粒
益气养心片
益气养血补酒
益气养血合剂
益气养血口服液
益气养阴口服液
益气养元颗粒
益气增乳胶囊
益气止血颗粒
益气祛痰合剂
益身灵丸
益肾安神膏
益肾安神口服液
益肾补骨胶囊
益肾补骨液
益肾化湿颗粒
益肾健骨胶囊
益肾健骨片
益肾健胃口服液
益肾健腰口服液
益肾康胶囊
益肾灵胶囊
益肾灵颗粒
益肾强身丸
益肾生发丸
益肾十七味丸
益肾糖浆
益肾丸
益肾乌发口服液
益肾消渴胶囊
益肾消肿丸
益肾兴阳胶囊
益肾兴阳丸
益肾养元合剂
益肾养元颗粒
益肾液
益肾壮骨胶囊
益肾壮阳膏
益肾蠲痹丸
益视颗粒
益视口服液
益视清颗粒
益寿大补酒
益寿强身膏
益髓颗粒
益糖平颗粒
益胃膏
益胃口服液
益香当红膏
益心巴迪然吉布亚颗粒
益心复脉颗粒
益心健脾颗粒
益心胶囊
益心康片
益心康泰胶囊
益心颗粒
益心口服液
益心宁神片
益心舒胶囊
益心舒颗粒
益心舒片
益心舒丸
益心通脉颗粒
益心酮滴丸
益心酮分散片
益心酮胶囊
益心酮片
益心酮软胶囊
益心丸
益心阳口服液
益虚宁片
益血膏
益血合剂
益血晶颗粒
益血生胶囊
益血生片
益血糖浆
益阳口服液
益阴消渴胶囊
益元黄精糖浆
益元散
益脂平胶囊
益智康脑丸
益智温肾十味丸
益中生血胶囊
益中生血片
异丙酚
异丙肾上腺素
异丙托溴铵
异丙嗪胆汁
异丁司特
异氟醚
异氟烷
异福胶囊
异福片
异福酰胺
异甘草酸镁
异环磷酰胺
异卡波肼
异康唑二氟可龙
异山梨醇
异维A酸
异维A酸红霉素
异戊巴比妥
异戊巴比妥钠
异烟肼
异烟肼氯化钠
异烟肼维B6
异烟腙
茵白肝炎冲剂
茵白肝炎胶囊
茵白肝炎颗粒
茵陈酒
茵陈退黄胶囊
茵陈五苓糖浆
茵陈五苓丸
茵陈五疸丸
茵胆平肝胶囊
茵花洗液
茵黄肝复颗粒
茵莲清肝合剂
茵莲清肝颗粒
茵山莲颗粒
茵芪肝复颗粒
茵栀黄胶囊
茵栀黄颗粒
茵栀黄口服液
茵栀黄泡腾片
茵栀黄片
茵栀黄软胶囊
茵栀黄注射液
茵栀益肝颗粒
因卡膦酸二钠
阴虚胃痛胶囊
阴虚胃痛颗粒
阴虚胃痛片
阴痒康洗剂
银贝止咳颗粒
银冰含片
银冰消痤酊
银参通络胶囊
银柴合剂
银柴颗粒
银丹心脑通软胶囊
银丹心泰滴丸
银耳孢糖
银耳孢糖胶囊
银葛通脉茶
银红补肾药酒
银胡感冒散
银胡抗感合剂
银花感冒冲剂
银花感冒颗粒
银花口服液
银花芒果胶囊
银花芒果颗粒
银花芒果片
银花泌炎灵片
银花平感颗粒
银黄滴丸
银黄分散片
银黄含化滴丸
银黄含化片
银黄含片
银黄胶囊
银黄咀嚼片
银黄颗粒
银黄口服液
银黄片
银黄平喘气雾剂
银黄清肺胶囊
银黄软胶囊
银黄丸
银黄注射液
银桔利咽含片
银菊感冒片
银菊清解片
银菊清咽颗粒
银蓝通络口服液
银莲含片
银灵合剂
银龙清肝片
银马解毒颗粒
银蜜片
银密片
银蒲解毒片
银翘袋泡剂
银翘合剂
银翘解毒滴鼻剂
银翘解毒合剂
银翘解毒胶囊
银翘解毒颗粒
银翘解毒口服液
银翘解毒片
银翘解毒软胶囊
银翘解毒丸
银翘解毒液
银翘颗粒
银翘片
银翘散
银翘散袋泡剂
银翘伤风胶囊
银翘双解栓
银香颗粒
银屑胶囊
银屑颗粒
银屑灵
银屑灵颗粒
银屑片
银杏茶颗粒
银杏达莫
银杏达莫注射液
银杏二萜内酯葡胺注射液
银杏露
银杏蜜环口服溶液
银杏内酯注射液
银杏酮酯滴丸
银杏酮酯分散片
银杏酮酯胶囊
银杏酮酯颗粒
银杏酮酯片
银杏洋参胶囊
银杏洋参颗粒
银杏叶
银杏叶滴剂
银杏叶滴丸
银杏叶分散片
银杏叶胶囊
银杏叶颗粒
银杏叶口服溶液
银杏叶口服液
银杏叶口服制剂
银杏叶片
银杏叶软胶囊
银杏叶提取物
银杏叶提取物滴剂
银杏叶提取物片
银杏叶提取物注射液
银杏叶丸
银杏叶注射液
银杏叶注射制剂
银杏叶酊
银阳虫草胶囊
银盏心脉滴丸
银芩胶囊
淫羊藿总黄酮胶囊
引阳索
引阳索胶囊
引阳索颗粒
引阳索片
英夫利西单抗
英花片
英卡膦酸二钠
婴儿安片
婴儿保肺宁
婴儿保肺宁胶囊
婴儿保肺散
婴儿健脾胶囊
婴儿健脾颗粒
婴儿健脾口服液
婴儿健脾散
婴儿平
婴儿平胶囊
婴儿散胶囊
婴儿素
婴儿消食散
婴宁散
营心丹
荧光素钠
硬脂酸红霉素
映山红糖浆
蛹虫草菌粉胶囊
蛹油α-亚麻酸乙酯
永盛合阿胶
优福宁胶囊
尤瑞克林
右丙亚胺
右布洛芬
右归胶囊
右归丸
右美沙芬
右美沙芬愈创甘油醚
右酮洛芬
右旋布洛芬
右旋麻黄碱
右旋糖酐
右旋糖酐20氯化钠
右旋糖酐20葡萄糖
右旋糖酐40氯化钠
右旋糖酐40葡萄糖
右旋糖酐70
右旋糖酐70甘油
右旋糖酐70氯化钠
右旋糖酐70葡萄糖
右旋糖酐铁
右旋糖酐羟丙甲纤维素
右旋酮洛芬
右旋酮洛芬氨丁三醇
右佐匹克隆
幼泻宁颗粒
榆槐片
榆栀止血颗粒
余甘子粉合剂
余甘子粉胶囊
余甘子喉片
余良卿膏药
余麦口咽合剂
鱼肝油
鱼肝油酸钠
鱼金注射液
鱼鳞病片
鱼石脂
鱼石脂颠茄软膏
鱼石脂氧化锌
鱼腥草滴眼液
鱼腥草素钠
鱼腥草注射液
鱼腥草芩蓝合剂
鱼鳔补肾丸
鱼鳔参杞益精丸
鱼鳔丸
玉合草含片
玉金方胶囊
玉金方片
玉蓝降糖胶囊
玉兰降糖胶囊
玉龙油
玉露保肺丸
玉盘消渴片
玉屏风袋泡茶
玉屏风滴丸
玉屏风胶囊
玉屏风颗粒
玉屏风口服液
玉屏风软胶囊
玉屏风丸
玉泉胶囊
玉泉颗粒
玉泉片
玉泉散
玉泉丸
玉蓉补肾口服液
玉枢丹
玉枢散
玉叶解毒颗粒
玉叶解毒糖浆
玉叶金花清热片
玉叶清火胶囊
玉叶清火片
玉液金丸
玉液丸
玉液消渴冲剂
玉液消渴颗粒
玉真散
玉真散胶囊
玉竹高龄酒
玉竹膏
玉竹颗粒
玉苓消渴茶
玉簪清咽十五味散
玉簪清咽十五味丸
芋艿丸
郁金银屑片
御制平安丸
愈创甘油醚
愈创蓝油烃
愈创维林那敏片
愈创罂粟待因
愈带丸
愈酚待因口服溶液
愈酚甲麻那敏分散片
愈酚甲麻那敏颗粒
愈酚甲麻那敏糖浆
愈酚喷托异丙嗪颗粒
愈酚维林
愈酚维林片
愈酚伪麻
愈酚伪麻待因口服溶液
愈酚溴新口服溶液
愈风丹
愈风宁心滴丸
愈风宁心胶囊
愈风宁心颗粒
愈风宁心口服液
愈风宁心片
愈风宁心软胶囊
愈风宁心丸
愈肝龙胶囊
愈肝龙颗粒
愈肝龙糖浆
愈肝片
愈裂贴膏
愈美(Ⅱ)
愈美分散片
愈美缓释片
愈美甲麻敏糖浆
愈美胶囊
愈美胶囊(Ⅰ)
愈美颗粒
愈美颗粒剂
愈美片
愈三消胶囊
愈伤膏
愈伤灵胶囊
愈心痛胶囊
愈渊丸
愈铵异丙嗪口服溶液
裕丰红花油
预混人胰岛素(30R)
预混人胰岛素(50R)
元和正胃片
元胡胃舒胶囊
元胡胃舒片
元胡止痛滴丸
元胡止痛分散片
元胡止痛胶囊
元胡止痛颗粒
元胡止痛口服液
元胡止痛片
元胡止痛软胶囊
元七骨痛酊
元秦止痛注射液
元神安颗粒
元神安片
源吉林甘和茶
远兴痔疮水
远志
远志滴丸
远志流浸膏
远志糖浆
远志酊
苑叶止咳糖浆
越鞠保和丸
越鞠胶囊
越鞠片
越鞠丸
越菊二陈丸
越橘保和丸
跃打扭伤灵酊
月白珍珠散
月光宝鹏丸
月见草油胶丸
月见草油乳
月泰贴脐片
月芝软胶囊
云草舒肺口服液
云南白药
云南白药创可贴
云南白药膏
云南白药胶囊
云南白药片
云南白药气雾剂
云南白药痔疮膏
云南白药酊
云南红药胶囊
云南红药散
云南花粉片
云南蛇药
云实感冒合剂
云胃宁胶囊
云香精
云香十五味丸
云香祛风止痛酊(云香精)
云芝胞内糖肽
云芝多糖
云芝肝泰胶囊
云芝肝泰颗粒
云芝肝泰片
云芝菌胶囊
云芝糖肽胶囊
云芝糖肽颗粒
晕复静片
晕可平颗粒
晕可平糖浆
晕宁软膏
晕痛定胶囊
晕痛定片
孕妇金花胶囊
孕妇金花片
孕妇金花丸
孕妇清火丸
孕康颗粒
孕康口服液
孕康糖浆
孕三烯酮
再造生血胶囊
再造生血片
再造丸
赞化鹿茸丸
脏连丸
藻酸双酯钠
藻酸双酯钠氯化钠
枣参安神胶囊
枣参合剂
枣仁安神胶囊
枣仁安神颗粒
枣仁安神液
枣仁地黄胶囊
枣椹安神口服液
皂白散
泽桂癃爽胶囊
泽桂癃爽片
增光胶囊
增光咀嚼片
增光片
增抗宁胶囊
增抗宁颗粒
增抗宁口服液
增抗宁片
增力再生丸
增乳膏
增乳口服液
增生平片
增效牛黄喉症胶囊
增液颗粒
增液口服液
扎冲十三味丸
扎莱普隆
扎来普隆
扎鲁司特
扎那米韦
粘膜溃疡散
展筋活血散
湛江蛇药
湛江蟾蜍膏
樟薄玉香软膏
樟冰油
樟脑
樟脑薄荷柳脂
樟脑薄荷柳酯
樟脑苯酚
樟脑磺酸钠
樟脑水合氯醛
漳州神曲
障眼明胶囊
障眼明片
障翳散
照山白浸膏片
蔗糖铁
珍宝解毒胶囊
珍宝丸
珍凤口服液
珍合灵片
珍红颗粒
珍黄安宫片
珍黄胶囊(珍黄丸)
珍黄片
珍黄丸
珍黄胃片
珍菊降压片
珍灵胶囊
珍龙醒脑胶囊
珍牡胶囊
珍牡肾骨胶囊
珍母口服液
珍杉理胃片
珍石烧伤膏
珍香胶囊
珍熊胆丸
珍元清咽散
珍芝安神胶囊
珍珠八宝眼药
珍珠冰硼散
珍珠层粉
珍珠层粉胶囊
珍珠粉
珍珠粉胶囊
珍珠活络二十九味丸
珍珠灵芝胶囊
珍珠灵芝片
珍珠明目滴眼液
珍珠明目滴眼液(胶体溶液)
珍珠末
珍珠牛黄散
珍珠散
珍珠生肌散
珍珠通络丸
珍珠胃安丸
珍珠蕲蛇口服液
珍芪补血口服液
珍芪降糖胶囊
珍苓解郁胶囊
珍黛散
真菌竹黄胶囊
真龙正红花油
真人大造丸
真人育阴胶囊
贞蓉丹合剂
贞芪扶正胶囊
贞芪扶正颗粒
贞芪扶正泡腾片
贞芪扶正片
贞芪利咽颗粒
贞芪益肾颗粒
贞杞肝泰颗粒
贞杞肝泰片
震灵丸
振源胶囊
振源口服液
振源片
振源软胶囊
镇江膏药
镇江橡胶膏
镇坎散
镇咳宁滴丸
镇咳宁含片
镇咳宁胶囊
镇咳宁颗粒
镇咳宁口服液
镇咳宁糖浆
镇咳糖浆
镇脑宁胶囊
镇痛活络酊
镇痛口服液
镇心降压片
镇心痛颗粒
镇心痛口服液
镇银膏
镇痫片
整蛋白型肠内营养剂
正柴胡饮合剂
正柴胡饮胶囊
正柴胡饮颗粒
正骨膏
正骨水
正骨紫金丸
正红花油
正金油
正露片
正露丸
正气片
正清风痛宁缓释片
正清风痛宁胶囊
正清风痛宁片
正清风痛宁注射液
正伤消痛膏
正糖胶囊
正天胶囊
正天丸
正天宗牌洋参丸
正胃胶囊
正胃片
正心降脂片
正心泰胶囊
正心泰颗粒
正心泰片
正元胶囊
郑氏女金丹
支气管炎片
知柏地黄胶囊
知柏地黄颗粒
知柏地黄口服液
知柏地黄片
知柏地黄丸
脂必泰胶囊
脂必妥胶囊
脂必妥咀嚼片
脂必妥片
脂肪乳
脂肪乳(10%)/氨基酸(15)/葡萄糖(20%)
脂肪乳(20%)/氨基酸(15)/葡萄糖(30%)
脂肪乳(C14-24)
脂肪乳氨基酸(17)葡萄糖(11%)
脂肪乳氨基酸(17)葡萄糖(19%)
脂肪乳氨基酸(18)
脂降宁片
脂康颗粒
脂可清胶囊
脂脉康胶囊
脂清胶囊
脂清片
脂溶性维生素(Ⅰ)
脂溶性维生素(Ⅱ)
脂欣康颗粒
脂溢性皮炎散
脂芪口服液
指迷茯苓丸
止喘灵口服液
止喘灵气雾剂
止喘灵注射液
止带片
止带消糜栓
止红肠辟丸
止咳宝片
止咳喘颗粒
止咳定喘片
止咳定喘丸
止咳化痰丸
止咳胶囊
止咳梨煎膏
止咳梨浆
止咳梨糖浆
止咳宁嗽胶囊
止咳片
止咳平喘膏
止咳平喘糖浆
止咳桃花胶囊
止咳桃花散
止咳丸
止咳枇杷合剂
止咳枇杷颗粒
止咳枇杷糖浆
止咳橘红合剂
止咳橘红胶囊
止咳橘红颗粒
止咳橘红口服液
止咳橘红丸
止咳祛痰颗粒
止咳祛痰糖浆
止渴降糖胶囊
止渴养阴胶囊
止痢颗粒
止痢宁片
止痢七味散
止痢十五味丸
止嗽袋泡茶
止嗽定喘口服液
止嗽定喘片
止嗽定喘丸
止嗽合剂
止嗽化痰胶囊
止嗽化痰颗粒
止嗽化痰丸
止嗽咳喘宁糖浆
止嗽口服液
止嗽立效胶囊
止嗽立效片
止嗽立效丸
止嗽片
止嗽青果合剂
止嗽青果口服液
止嗽青果丸
止嗽扫痰丸
止嗽丸
止痛风湿丸
止痛化癥胶囊
止痛化癥颗粒
止痛化癥片
止痛化症胶囊
止痛水
止痛透骨膏
止痛消炎软膏
止痛紫金丸
止脱生发散
止泻保童颗粒
止泻颗粒
止泻利颗粒
止泻灵颗粒
止泻灵片
止泻灵糖浆
止眩安神颗粒
止血八味散
止血宝胶囊
止血宝颗粒
止血宝片
止血定痛片
止血复脉合剂
止血胶囊
止血灵胶囊
止血宁
止血宁胶囊
止血宁片
止血片
止血纤维贴
止血镇痛胶囊
止血祛瘀明目片
止痒消炎水
止痒酊
志苓胶囊
至宝灵芝酒
至宝三鞭胶囊
至宝三鞭精
至宝三鞭酒
至宝三鞭丸
至灵胶囊
至灵菌丝胶囊
至圣保元丸
致康胶囊
制金柑丸
制霉菌素
制霉素
制首乌茶
制首乌颗粒
制酸止痛胶囊
制痂酊
智托洁白片
智托洁白丸
智杞颗粒
稚儿灵膏滋
稚儿灵颗粒
炙甘草合剂
炙甘草颗粒
痔疮胶囊
痔疮片
痔疮栓
痔疮水
痔疮外洗药
痔疮止血颗粒
痔疮止血丸
痔根断片
痔疾栓
痔疾洗液
痔疾洗液（痔疾宁）
痔康袋泡剂
痔康胶囊
痔康片
痔康舒口服液
痔宁胶囊
痔宁片
痔舒适洗液
痔速宁胶囊
痔速宁颗粒
痔速宁片
痔特佳胶囊
痔特佳片
痔痛安搽剂
痔痛宁气雾剂
痔血胶囊
痔血丸
痔炎消胶囊
痔炎消颗粒
痔炎消片
痔炎消硬胶囊
痔瘘舒丸
治带胶囊
治带片
治冻灵
治感佳胶囊
治感佳片
治感灵颗粒
治红丸
治咳川贝枇杷滴丸
治咳川贝枇杷露
治咳片
治咳枇杷合剂
治咳枇杷露
治痢片
治疗用布氏菌制剂
治糜康栓
治糜灵泡腾片
治糜灵栓
治偏痛胶囊
治偏痛颗粒
治伤跌打丸
治伤胶囊
治伤软膏
治伤散
治伤消瘀丸
中/长链脂肪乳
中/长链脂肪乳(C6-24)
中/长链脂肪乳(C8-24)
中/长链脂肪乳(C8-24Ve)
中长链脂肪乳/氨基酸(16)/葡萄糖(16%)
中风安口服液
中风回春胶囊
中风回春颗粒
中风回春片
中风回春丸
中风再造丸
中华跌打酒
中华跌打丸
中华肝灵胶囊
中华肝灵片
中满分消丸
中效重组人胰岛素
中性蛋白酶
中性胰岛素
种子三达丸
肿节风滴丸
肿节风分散片
肿节风胶囊
肿节风咀嚼片
肿节风颗粒
肿节风片
肿节风软胶囊
肿节风注射液
肿痛安胶囊
肿痛搽剂
肿痛凝胶
肿痛气雾剂
肿痛舒喷雾剂
肿痛外擦酊
重感灵胶囊
重感灵片
重酒石酸长春瑞滨
重酒石酸间羟胺
重酒石酸卡巴拉汀
重酒石酸去甲肾上腺素
重楼解毒酊
重碳酸钠
重组(CHO细胞)乙型肝炎疫苗
重组(酵母)乙型肝炎疫苗
重组B亚单位/菌体霍乱菌苗
重组促卵泡素β
重组改构人肿瘤坏死因子
重组甘精胰岛素
重组集成干扰素α
重组抗CD25人源化单克隆抗体
重组赖脯胰岛素
重组链激酶
重组牛碱性成纤维细胞生长因子
重组牛碱性成纤维细胞生长因子(融合蛋白)
重组牛碱性成纤维细胞生子因子
重组葡激酶
重组人5型腺病毒
重组人TNK组织型纤溶酶原激活剂
重组人p53腺病毒
重组人Ⅱ型肿瘤坏死因子受体-抗体融合蛋白
重组人白介素-11
重组人白介素-11Ⅰ
重组人白介素-2
重组人白介素-2(125Ala)
重组人白介素-2(125Ser)
重组人白介素-2Ⅰ
重组人白细胞介素-11
重组人白细胞介素-2
重组人白细胞介素-2(125Ala)
重组人表皮生长因子
重组人表皮生长因子(Ⅰ)
重组人表皮生长因子衍生物
重组人促红素(CHO细胞)
重组人促红素-β(CHO细胞)
重组人促黄体激素α
重组人促卵泡激素
重组人干扰素α1b
重组人干扰素α2a
重组人干扰素α2a(酵母)
重组人干扰素α2b
重组人干扰素α2b(酵母)
重组人干扰素α2b（假单胞菌）
重组人干扰素β
重组人干扰素β-1b
重组人干扰素β1a
重组人干扰素γ
重组人红细胞生成素
重组人红细胞生成素-β
重组人活化凝血因子VII(rhFVIIa)
重组人碱性成纤维细胞生长因子
重组人粒细胞刺激因子
重组人粒细胞刺激因子(CHO细胞)
重组人粒细胞集落刺激因子
重组人粒细胞巨噬细胞刺激因子
重组人粒细胞巨噬细胞集落刺激因子
重组人脑利钠肽
重组人尿激酶原
重组人凝血因子(Ⅶa)
重组人凝血因子(Ⅷ)
重组人凝血因子IX
重组人绒促性素
重组人生长激素
重组人酸性成纤维细胞生长因子
重组人细胞白介素-2(125Ser)
重组人血管内皮抑制素
重组人血小板生成素
重组人胰岛素
重组人组织型纤溶酶原激酶衍生物
重组特立帕肽
重组戊型肝炎疫苗(大肠埃希菌)
重组乙型肝炎疫苗(CHO细胞)
重组乙型肝炎疫苗(汉逊酵母)
重组乙型肝炎疫苗（酵母）
仲景胃灵胶囊
仲景胃灵片
仲景胃灵丸
众生胶囊
众生片
众生丸
舟车丸
周公百岁酒
周氏回生丸
珠贝定喘丸
珠黄吹喉散
珠黄散
珠黄消疳散
珠莲清心口服液
珠氯噻醇
珠氯噻醇醋酸酯
珠氯噻醇癸酸酯
珠芽蓼止泻胶囊
珠芽蓼止泻颗粒
珠子肝泰胶囊
珠子肝泰片
珠珀安神丹
珠珀保婴散
珠珀猴枣散
珠珀惊风散
朱虎化瘀酊
朱砂安神片
朱砂安神丸
朱砂莲胶囊
猪胆粉薄荷脑
猪肺磷脂
猪免疫球蛋白
猪脱氧胆酸
猪源纤维蛋白
猪苓多糖胶囊
猪苓多糖注射液
诸葛行军散
逐瘀通脉胶囊
逐瘀消肿膏
竹红菌素软膏
竹沥膏
竹沥合剂
竹沥胶囊
竹沥颗粒
竹沥片
竹沥水
竹叶椒片
助消膏
注射用丹参
注射用丹参多酚酸盐
注射用灯盏花素
注射用蜂毒(冻干)
注射用海姆泊芬
注射用红花黄色素
注射用黄芪多糖
注射用科博肽
注射用脑心康
注射用清开灵
注射用双黄连
注射用血塞通
注射用血栓通(冻干)
注射用益气复脉
注射用银杏叶提取物
驻车丸
转化糖
转化糖电解质
转移因子
壮骨关节胶囊
壮骨关节丸
壮骨酒
壮骨木瓜酒
壮骨木瓜丸
壮骨伸筋胶囊
壮骨丸
壮骨药酒
壮骨止痛胶囊
壮骨追风酒
壮骨麝香止痛膏
壮筋续骨丸
壮肾安神片
壮肾丸
壮西六味散
壮西六味丸
壮血片
壮血药酒
壮阳春胶囊
壮阳春口服液
壮阳健威丸
壮阳健威丸(参茸大补丸)
壮腰补肾丸
壮腰健身丸
壮腰健肾口服液
壮腰健肾片
壮腰健肾丸
壮腰消痛液
壮元补身酒
壮元健肾胶囊
壮元强肾颗粒
状元补身酒
状元红药酒
状元深海龙酒
状元丸
追风除湿酒
追风膏
追风活络酒
追风活血膏
追风片
追风舒经活血片
追风透骨胶囊
追风透骨片
追风透骨丸
追风丸
追风药酒
追风壮骨膏
资生丸
滋补参茸丸
滋补肝肾丸
滋补健身丸
滋补生发片
滋补生发丸
滋补水鸭合剂
滋补酥油丸
滋肾健脑颗粒
滋肾健脑液
滋肾宁神丸
滋肾丸
滋肾育胎丸
滋心阴胶囊
滋心阴颗粒
滋心阴口服液
滋阴补肾丸
滋阴强生口服液
滋阴润肠口服液
滋阴益胃胶囊
紫贝止咳颗粒
紫冰油
紫草膏
紫草软膏
紫草婴儿软膏
紫茶颗粒
紫丹活血胶囊
紫丹活血片
紫丹银屑胶囊
紫丹银屑颗粒
紫灯胶囊
紫灯片
紫地宁血颗粒
紫地宁血散
紫归治裂膏
紫河车胶囊
紫花地丁软膏
紫花杜鹃胶囊
紫花杜鹃片
紫花烧伤膏
紫椒癣酊
紫桔止咳糖浆
紫金锭
紫金锭眼药
紫金散
紫龙金片
紫楼胃康胶囊
紫前膏
紫杉醇
紫杉醇(白蛋白结合型)
紫杉醇脂质体
紫松皮炎膏
紫苏降脂软胶囊
紫苏软胶囊
紫星康泰口服液
紫雪
紫雪胶囊
紫雪颗粒
紫叶丹胶囊
紫芝多糖片
紫珠止血液
紫芪克咳口服液
紫苓胶囊
紫蔻丸
仔花感冒胶囊
仔花感冒片
子宫锭
子仲益肾丸
棕色清凉油
棕榈氯霉素
棕榈氯霉素(B型)
棕榈酸帕利哌酮
棕榈哌泊塞嗪
棕铵合剂
走川骨刺酊
足光散
祖卡木胶囊
祖卡木颗粒
祖师麻风湿膏
祖师麻膏药
祖师麻关节止痛膏
祖师麻片
祖师麻注射液
组织胺人免疫球蛋白
钻山风合剂
钻山风糖浆
左奥硝唑
左奥硝唑氯化钠
左醋美沙朵
左归丸
左甲状腺素钠
左金胶囊
左金片
左金丸
左卡尼汀
左美沙酮
左炔诺孕酮
左炔诺孕酮(Ⅰ)
左炔诺孕酮(Ⅱ)
左炔诺孕酮宫内节育器
左炔诺孕酮炔雌醇
左炔诺孕酮炔雌醚
左西孟旦
左旋多巴
左旋甲状腺素
左旋卡尼汀
左旋门冬酰胺酶
左亚叶酸钙
左氧氟沙星
左氧氟沙星氯化钠
左氧氟沙星葡萄糖
左乙拉西坦
左羟丙哌嗪
佐米曲普坦
佐匹克隆
坐珠达西
豨红通络口服液
豨桐胶囊
豨桐丸
豨莶风湿胶囊
豨莶风湿片
豨莶风湿丸
豨莶片
豨莶通栓胶囊
豨莶通栓丸
豨莶丸
豨莶液
豨蛭络达胶囊
睾酮
睾丸片
诃子五味胶囊
诃苓止泻胶囊
巯乙胺
巯嘌呤
艽龙胶囊
芎菊上清颗粒
芎菊上清片
芎菊上清丸
芎香通脉滴丸
芎香通脉丸
芎芷痛瘀散
芎芷止痛颗粒
芙朴感冒胶囊
芙朴感冒颗粒
芙蓉抗流感胶囊
芙蓉抗流感颗粒
芙蓉抗流感片
芫蒿护肝胶囊
芫蒿护肝片
芷风合剂
苋菜黄连素胶囊
苁黄补肾胶囊
苁黄补肾丸
苁蓉补肾丸
苁蓉通便口服液
苁蓉益肾颗粒
苁蓉总苷胶囊
芩暴红止咳分散片
芩暴红止咳合剂
芩暴红止咳胶囊
芩暴红止咳颗粒
芩暴红止咳口服液
芩暴红止咳片
芩暴红止咳糖浆
芩草止痢片
芩胆止咳片
芩黄喉症胶囊
芩连胶囊
芩连颗粒
芩连片
芩连丸
芩翘口服液
芩桑金海颗粒
芩石利咽口服液
芩香清解口服液
芩玄解毒口服液
芩芷鼻炎糖浆
芩苓子阴道灌注液
芪柏养心口服液
芪贝胶囊
芪参补气胶囊
芪参补血口服液
芪参虫草酒
芪参胶囊
芪参通络胶囊
芪参益气滴丸
芪丹通络颗粒
芪丹通脉片
芪冬养血胶囊
芪冬颐心颗粒
芪冬颐心口服液
芪芳气血颗粒
芪风固表颗粒
芪风颗粒
芪葛颗粒
芪葛口服液
芪骨胶囊
芪归胶囊
芪归生血胶囊
芪归蝮蛇胶囊
芪黄颗粒
芪黄通秘软胶囊
芪黄消渴胶囊
芪甲利肺胶囊
芪胶升白胶囊
芪蓝扶正颗粒
芪棱片
芪连口服液
芪龙胶囊
芪龙通络胶囊
芪龙壮儿口服液
芪鹿补血颗粒
芪鹿益肾片
芪明颗粒
芪蓉润肠口服液
芪三七活血颗粒
芪桑益肝丸
芪天扶正胶囊
芪味糖平胶囊
芪仙补肾胶囊
芪香益肾颗粒
芪血颗粒
芪血通络片
芪药消渴胶囊
芪余口服液
芪元益气补血口服液
芪枣健胃茶
芪枣颗粒
芪枣口服液
芪珍胶囊
芪芎通络胶囊
芪苈强心胶囊
芪苓益气颗粒
芪苓益气片
芪蛭降糖胶囊
芪蛭降糖片
芪蛭胶囊
芪蛭通络胶囊
芪斛楂颗粒
芪麝丸
苄达赖氨酸
苄氟噻嗪
苄星青霉素
苓桂咳喘宁胶囊
苓麦消食颗粒
茜草双酯
茜女胶囊
茜芷胶囊
茜芷片
荜铃胃痛颗粒
茴拉西坦
茴三硫
茴天通络颗粒
茴香桔核丸
茴香橘核丸
茯蒲洗液
茯蚁参酒
茯元胶囊
茯苓多糖口服液
茯菟丸
荨麻疹丸
莪术油
莪术油葡萄糖
莪树油
莓叶委陵菜胶囊
莓叶委陵菜片
莨菪
萘丁美酮
萘非
萘夫西林钠
萘甲唑啉
萘林那敏溴铵
萘敏维
萘普待因
萘普生
萘普生钠
萘普生钠氯化钠
萘普生钠伪麻黄碱
萘替芬酮康唑
萘哌地尔
萘啶酸
菖麻熄风片
菖蒲四味胶囊(述达格-4)
菖蒲四味丸
萸连片
萸苁强肾胶囊
萆薢分清丸
萃仙丸
葆宫止血颗粒
葶贝胶囊
葶苈草颗粒
葶苈降血脂胶囊
葶苈降血脂颗粒
葶苈降血脂片
蒿白伤湿气雾剂
蒿甲醚
蒿蓝感冒颗粒
蒺藜药酒
蒺藜皂苷胶囊
蒺藜皂苷提取物
蓼参胶囊
蕲蛇风湿酒
蕲蛇酶
蕲蛇药酒
薏参胶囊
薏人口服液
薏辛除湿止痛胶囊
薏芽健脾凝胶
藿参补肾酒
藿胆滴丸
藿胆片
藿胆丸
藿龙补肾口服液
藿鹿补肾胶囊
藿蓉补肾颗粒
藿香清胃胶囊
藿香清胃颗粒
藿香清胃片
藿香水
藿香万应散
藿香正气滴丸
藿香正气合剂
藿香正气胶囊
藿香正气颗粒
藿香正气口服液
藿香正气片
藿香正气软胶囊
藿香正气水
藿香正气丸
藿香祛暑软胶囊
藿香祛暑水
藿阳补肾胶囊
藿杞补肾颗粒
藿杞补肾片
呋布西林钠
呋麻
呋麻滴鼻液
呋塞米
呋咱甲氢龙
呋苄西林钠
呋喃苦参黄连素
呋喃硫胺
呋喃妥因
呋喃西林
呋喃唑酮
呋噻米
呋脲苄青霉素钾
呋脲苄西林钠
吡贝地尔
吡非尼酮
吡格列酮二甲双胍
吡拉西坦
吡拉西坦氯化钠
吡拉西坦葡萄糖
吡硫翁钠
吡硫翁锌
吡罗昔康
吡美莫司
吡密司特钾
吡诺克辛
吡诺克辛钠
吡酮胺
吡哌酸
吡哌酸锌
吡喹酮
吡嗪酰胺
吡嘧司特钾
吲达帕胺
吲达帕胺(Ⅱ)
吲哒帕胺
吲哚布芬
吲哚拉辛
吲哚洛尔
吲哚美辛
吲哚美辛三七冰片
吲哚美辛沙丁胺醇
吲哚美辛呋喃唑酮
吲哚菁绿
呱仑酸钠/L-谷酰胺
呱西替柳
哌泊塞嗪
哌库溴铵
哌拉西林钠
哌拉西林钠舒巴坦钠
哌拉西林钠舒巴坦钠(2:1)
哌拉西林钠舒巴坦钠(4:1)
哌拉西林钠他唑巴坦钠
哌拉西林钠他唑巴坦钠(4:1)
咪达唑仑
咪康唑
咪康唑氯倍他索
咪唑立宾
咪唑斯汀
咪唑酸乙酯
咪喹莫特
唑来膦酸
唑来膦酸（浓）
唑尼沙胺
嗄日迪五味丸
嗨诺惰秋齐胶囊
噙化上清片
噙化上清丸
噻奈普汀钠
噻托溴铵
猕猴桃颗粒
獾油
獾油搽剂
泮库溴铵
泮托拉唑
泮托拉唑钠
溴丙胺太林
溴芬酸钠
溴芬酸钠水合物
溴夫定
溴化钙
溴甲贝那替嗪
溴甲东莨菪碱
溴米那普鲁卡因
溴莫尼定噻吗洛尔
溴替唑仑
溴新斯的明
溴异丙东莨菪碱
溴隐亭
溴苄铵
溴吡斯的明
逍遥合剂
逍遥胶囊
逍遥颗粒
逍遥片
逍遥软胶囊
逍遥丸
遐龄颗粒
遐龄口服液
嫦娥加丽丸
绛糖宁胶囊
绛糖宁颗粒
绛糖宁片
缬草提取物胶囊
缬沙坦
缬沙坦氨氯地平(I)
缬沙坦氨氯地平(II)
缬沙坦氢氯噻嗪
琥乙红霉素
琥珀安神丸
琥珀抱龙胶囊
琥珀抱龙丸
琥珀多寐丸
琥珀化痰镇惊丸
琥珀还睛丸
琥珀利气丸
琥珀氯霉素
琥珀酸美托洛尔
琥珀酸普芦卡必利
琥珀酸舒马普坦
琥珀酸索利那新
琥珀酸亚铁
琥珀消石颗粒
琥珀止痛膏
琥珀酰明胶
杞参补肾颗粒
杞黄降糖胶囊
杞黄益肾口服液
杞菊地黄合剂
杞菊地黄胶囊
杞菊地黄口服液
杞菊地黄片
杞菊地黄丸
杞菊润目颗粒
杞鹿温肾胶囊
杞明胶囊
杞茸助阳口服液
杞蓉胶囊
杞蓉片
杞蓉养血口服液
杞蓉益精颗粒
杞天口服液
杞药消渴口服液
杞枣口服液
枇杷叶膏
枇杷叶糖浆
枇杷止咳胶囊
枇杷止咳颗粒
枇杷止咳软胶囊
杷叶润肺止咳膏
柘木颗粒
柘木糖浆
枳陈消食口服液
枳实导滞丸
枳实消痞丸
枳术颗粒
枳术宽中胶囊
枳术丸
栀子金花丸
栀芩清热合剂
栀芩清热液
枸地氯雷他定
枸磺新啶
枸杞巴戟酒
枸杞膏
枸杞消渴胶囊
枸杞药酒
枸杞益肾胶囊
枸杞益元酒
枸橼酸阿尔维林
枸橼酸芬太尼
枸橼酸钙
枸橼酸钾
枸橼酸咖啡因
枸橼酸氯己定
枸橼酸氯米芬
枸橼酸莫沙必利
枸橼酸钠
枸橼酸喷托维林
枸橼酸苹果酸钙
枸橼酸氢钾钠
枸橼酸舍曲林
枸橼酸舒芬太尼
枸橼酸他莫昔芬
枸橼酸坦度螺酮
枸橼酸铁铵
枸橼酸铁铵维B1(Ⅰ)
枸橼酸铁铵维B1(Ⅱ)
枸橼酸铁铵维B2
枸橼酸铁铵维B3
枸橼酸托法替布
枸橼酸托瑞米芬
枸橼酸托烷司琼
枸橼酸西地那非
枸橼酸锌
枸橼酸乙胺嗪
枸橼酸哌嗪
枸橼酸铋钾
枸橼酸铋钾/替硝唑/克拉霉素
枸橼酸铋钾替硝唑克拉霉素
枸橼酸铋雷尼替丁
枸橼酸镓[67Ga]
枸橼酸镓[Ga-67]
桉氨
桉柠蒎
桉油尿素
楂麦健脾颗粒
楂明调脂颗粒
楂曲平胃合剂
榄葱茶
榄香烯
槟榔花口服液
槟榔七味丸
槟榔十三味丸
槟榔四消片
槟榔四消丸
槟藿痛风合剂
榕敏颗粒
橄榄晶冲剂
橘半止咳颗粒
橘半枳术丸
橘贝半夏颗粒
橘红化痰胶囊
橘红化痰片
橘红化痰丸
橘红胶囊
橘红颗粒
橘红梨膏
橘红片
橘红痰咳煎膏
橘红痰咳颗粒
橘红痰咳泡腾片
橘红痰咳液
橘红丸
橘红枇杷胶囊
橘红枇杷片
戟生止痛膏
耆鹿逐痹胶囊
耆鹿逐痹口服液
肼屈嗪
胱氨酸
臌症丸
膦甲酸钠
膦甲酸钠氯化钠
膦甲酸钠葡萄糖
祛白酊
祛斑调经胶囊
祛痹舒肩丸
祛风除湿药酒
祛风骨痛巴布膏
祛风化痰丸
祛风胜湿酒
祛风湿膏
祛风湿药酒
祛风湿止痛散
祛风舒筋丸
祛风通络酒
祛风痛解搽剂
祛风息痛丸
祛风止痛胶囊
祛风止痛片
祛风止痛丸
祛风止痒口服液
祛腐二香栓
祛寒除湿散
祛伤消肿酊
祛湿颗粒
祛暑露
祛暑片
祛暑丸
祛痰灵口服液
祛痰平喘片
祛痰止咳胶囊
祛痰止咳颗粒
祛痛健身膏
祛痛橡胶膏嘎日迪-5
祛浊茶
祛浊胶囊
祛瘀健脾茶
祛瘀散结胶囊
祛瘀散结片
祛瘀益胃胶囊
祛瘀益胃片
祛瘀止痛酒
硇砂膏
礞石滚痰片
礞石滚痰丸
蠲痹抗生酒
蠲痹抗生丸
蠲哮片
钆贝葡胺
钆布醇
钆弗塞胺
钆喷酸葡胺
钆塞酸二钠
钆双胺
钆特醇
钆特酸葡胺
钯[103Pd]种籽
铋镁豆蔻
铋镁碳酸氢钠
锝[99Tc]亚甲基二膦酸盐
锝[99mTc]比西酯
锝[99mTc]二巯丁二酸盐
锝[99mTc]甲氧乙腈
锝[99mTc]甲氧异腈
锝[99mTc]聚合白蛋白
锝[99mTc]喷替酸盐
锝[99mTc]气溶胶
锝[99mTc]双半胱氨酸
锝[99mTc]双半胱乙酯
锝[99mTc]司它比
锝[99mTc]替曲膦
锝[99mTc]亚甲基二膦酸盐
锝[99mTc]亚乙双半胱氨酸
锝[99mTc]依替菲宁
锝[99mTc]植酸盐
锝[99mTc]巯替肽
锝[99mTc]泮替酸盐
锝［99mTc］右旋糖酐105
锶[89Sr]二氯化锶
馥感啉口服液
鸢都感冒颗粒
鸢都寒痹药酒料
鸢都寒痹液
鸬鹚涎丸
鹜芪口服液
鹭鸶咯丸
疖病疫苗
疣迪搽剂
疳积散
痤疮软膏
痤疮涂膜剂
痫愈胶囊
痫症镇心丸
痧气散
痧气丸
痧药
痱子粉
瘀血痹胶囊
瘀血痹颗粒
瘀血痹片
癃闭舒胶囊
癃闭舒片
癃闭通胶囊
癃开颗粒
癃清胶囊
癃清片
癃疏清颗粒
癫狂龙虎丸
癫狂马宝散
癫痫康胶囊
癫痫宁片
癫痫平胶囊
癫痫平片
癫痫散
蚝贝钙片
蚓激酶
蛲虫药膏
蛭丹络活胶囊
蛭龙血通胶囊
蛭蛇通络胶囊
蛭芎胶囊
蜈蚣追风膏
蜈黛软膏
螨变应原
蟾龙定喘合剂
蟾马正痛酊
蟾酥锭
蟾酥镇痛巴布膏
蟾酥镇痛膏
蟾酥镇痛凝胶膏
蟾酥注射液
蟾乌巴布膏
蟾乌凝胶膏
蟾麝救心丸
罂粟乙碘油注射液
羟苯磺酸钙
羟丙甲纤维素
羟布宗
羟丁酸钠
羟基喜树碱
羟基喜树碱氯化钠
羟基脲
羟甲香豆素
羟甲烟胺
羟甲烟酰胺
羟糖甘
羟喜树碱
羟乙基淀粉
羟乙基淀粉130/0.4电解质
羟乙基淀粉130/0.4氯化钠
羟乙基淀粉200/0.5氯化钠
羟乙基淀粉20氯化甘露六烟酯钠
羟乙基淀粉20氯化钠
羟乙基淀粉40氯化钠
羟乙基淀粉氯化钠
羟乙膦酸钠
羟钴铵
羧甲淀粉钠
羧甲基半胱氨酸
羧甲基纤维素钠
羧甲司坦
羧甲司坦(小儿用)
羧甲纤维素钠
羧苄西林钠
貂胰防裂膏
貂油治裂软膏
鲑降钙素
鲑鱼降钙素
鲨肝醇
鞣柳硼三酸
鞣酸蛋白
鞣酸蛋白酵母
鞣酸加压素
鞣酸苦参碱
鞣酸软膏
鞣酸小檗碱
麒麟丸
麝香拔湿膏
麝香保心丸
麝香跌打风湿膏
麝香跌打软膏
麝香风湿跌打膏
麝香风湿胶囊
麝香风湿片
麝香狗皮膏
麝香关节止痛膏
麝香海马追风膏
麝香回阳膏
麝香活血化瘀膏
麝香接骨胶囊
麝香解痛膏
麝香抗栓胶囊
麝香抗栓丸
麝香脑脉康胶囊
麝香牛黄丸
麝香暖脐膏
麝香伤湿解痛膏
麝香舒活精
麝香舒活灵
麝香通心滴丸
麝香心脑乐胶囊
麝香心脑乐片
麝香心脑通胶囊
麝香心脑通片
麝香心痛膏
麝香心痛宁片
麝香醒神搽剂
麝香熊羚丸
麝香镇痕膏
麝香镇痛膏
麝香正骨酊
麝香止痛贴膏
麝香痔疮栓
麝香壮骨巴布膏
麝香壮骨膏
麝香壮骨凝胶膏
麝香追风膏
麝香追风止痛膏
麝香祛风湿膏
麝香祛风湿油
麝香祛痛搽剂
麝香祛痛喷雾剂
麝香祛痛气雾剂
麝雄至宝丸
麝珠明目滴眼液
黛蛤散
